merged_key,ieee_key,acm_key,match_type,score,isbn,ieee_file,acm_file
,10734572,10.1145/3723420.3723428,TITLE,89,9798400712876,ieee_scraped_20250820_173745.bib,acm_scraped_20250820_174604.bib
,10624638,10.1145/3724504.3724526,TITLE,90,9798400711732,ieee_scraped_20250820_173745.bib,acm_scraped_20250820_174604.bib
,9797584,10.1145/3726010.3726089,TITLE,91,9798400712845,ieee_scraped_20250820_173745.bib,acm_scraped_20250820_174604.bib
,9408896,10.1145/3691720.3691768,TITLE,88,9798400710230,ieee_scraped_20250820_173745.bib,acm_scraped_20250820_174638.bib
,11092288,10.1145/3711403.3711435,TITLE,88,9798400717468,ieee_scraped_20250820_173745.bib,acm_scraped_20250820_174604.bib
,10900880,10.1145/3696117.3696123,TITLE,95,0163-5948,ieee_scraped_20250820_173816.bib,acm_scraped_20250820_174638.bib
,10953253,10.1145/3711896.3737870,TITLE,92,9781394243341,ieee_scraped_20250820_173816.bib,acm_scraped_20250820_174604.bib
,10790393,10.1145/3700297.3700395,TITLE,97,9783111324166,ieee_scraped_20250820_173816.bib,acm_scraped_20250820_174638.bib
,10736116,10.1145/3636555.3636856,TITLE,88,9798400716188,ieee_scraped_20250820_173816.bib,acm_scraped_20250820_174638.bib
,10308422,10.1145/3745238.3745511,TITLE,100,1941-045x,ieee_scraped_20250820_173847.bib,acm_scraped_20250820_174638.bib
,10955772,10.1145/3728725,TITLE,91,9781394291113,ieee_scraped_20250820_173847.bib,acm_scraped_20250820_174604.bib
,10548653,10.1145/3597503.3649399,TITLE,100,1558-1225,ieee_scraped_20250820_173847.bib,acm_scraped_20250820_174604.bib
,9232575,10.1145/3660043.3660178,TITLE,94,9798400716157,ieee_scraped_20250820_173847.bib,acm_scraped_20250820_174638.bib
,10952786,10.1145/3720536,TITLE,100,9781394254965,ieee_scraped_20250820_173919.bib,acm_scraped_20250820_174604.bib
,10042312,10.1145/3657054.3664243,TITLE,88,9798400709883,ieee_scraped_20250820_173919.bib,acm_scraped_20250820_174604.bib
,11013092,,UNMATCHED_IEEE,0,,ieee_scraped_20250820_173745.bib,
,11113640,,UNMATCHED_IEEE,0,2766-2144,ieee_scraped_20250820_173745.bib,
,10280429,,UNMATCHED_IEEE,0,9781617296185,ieee_scraped_20250820_173745.bib,
,10500605,,UNMATCHED_IEEE,0,,ieee_scraped_20250820_173745.bib,
,10487664,,UNMATCHED_IEEE,0,,ieee_scraped_20250820_173745.bib,
,10319661,,UNMATCHED_IEEE,0,1937-4178,ieee_scraped_20250820_173745.bib,
,10904391,,UNMATCHED_IEEE,0,,ieee_scraped_20250820_173745.bib,
,11116915,,UNMATCHED_IEEE,0,,ieee_scraped_20250820_173745.bib,
,10962044,,UNMATCHED_IEEE,0,2768-4644,ieee_scraped_20250820_173745.bib,
,10659410,,UNMATCHED_IEEE,0,,ieee_scraped_20250820_173745.bib,
,11108345,,UNMATCHED_IEEE,0,,ieee_scraped_20250820_173745.bib,
,11022287,,UNMATCHED_IEEE,0,,ieee_scraped_20250820_173745.bib,
,10565670,,UNMATCHED_IEEE,0,,ieee_scraped_20250820_173745.bib,
,11041711,,UNMATCHED_IEEE,0,,ieee_scraped_20250820_173745.bib,
,10692746,,UNMATCHED_IEEE,0,,ieee_scraped_20250820_173745.bib,
,10645267,,UNMATCHED_IEEE,0,,ieee_scraped_20250820_173745.bib,
,11091882,,UNMATCHED_IEEE,0,,ieee_scraped_20250820_173745.bib,
,10507034,,UNMATCHED_IEEE,0,1939-1382,ieee_scraped_20250820_173745.bib,
,10717541,,UNMATCHED_IEEE,0,,ieee_scraped_20250820_173745.bib,
,10953124,,UNMATCHED_IEEE,0,9781394254255,ieee_scraped_20250820_173745.bib,
,10758970,,UNMATCHED_IEEE,0,2768-0940,ieee_scraped_20250820_173745.bib,
,9724346,,UNMATCHED_IEEE,0,2324-9013,ieee_scraped_20250820_173745.bib,
,10957230,,UNMATCHED_IEEE,0,,ieee_scraped_20250820_173745.bib,
,10141395,,UNMATCHED_IEEE,0,,ieee_scraped_20250820_173745.bib,
,10933045,,UNMATCHED_IEEE,0,2836-4090,ieee_scraped_20250820_173745.bib,
,11092267,,UNMATCHED_IEEE,0,,ieee_scraped_20250820_173745.bib,
,11070597,,UNMATCHED_IEEE,0,,ieee_scraped_20250820_173745.bib,
,10950051,,UNMATCHED_IEEE,0,,ieee_scraped_20250820_173745.bib,
,10416432,,UNMATCHED_IEEE,0,,ieee_scraped_20250820_173745.bib,
,11048034,,UNMATCHED_IEEE,0,,ieee_scraped_20250820_173745.bib,
,10960226,,UNMATCHED_IEEE,0,,ieee_scraped_20250820_173745.bib,
,10762015,,UNMATCHED_IEEE,0,,ieee_scraped_20250820_173745.bib,
,10917108,,UNMATCHED_IEEE,0,,ieee_scraped_20250820_173745.bib,
,10864040,,UNMATCHED_IEEE,0,,ieee_scraped_20250820_173745.bib,
,9832340,,UNMATCHED_IEEE,0,,ieee_scraped_20250820_173745.bib,
,11120412,,UNMATCHED_IEEE,0,,ieee_scraped_20250820_173745.bib,
,10925615,,UNMATCHED_IEEE,0,,ieee_scraped_20250820_173745.bib,
,11016818,,UNMATCHED_IEEE,0,1939-1382,ieee_scraped_20250820_173745.bib,
,10927855,,UNMATCHED_IEEE,0,,ieee_scraped_20250820_173745.bib,
,10467477,,UNMATCHED_IEEE,0,,ieee_scraped_20250820_173745.bib,
,10986914,,UNMATCHED_IEEE,0,,ieee_scraped_20250820_173745.bib,
,10459661,,UNMATCHED_IEEE,0,,ieee_scraped_20250820_173745.bib,
,10973592,,UNMATCHED_IEEE,0,,ieee_scraped_20250820_173745.bib,
,10599272,,UNMATCHED_IEEE,0,1558-156x,ieee_scraped_20250820_173745.bib,
,10876908,,UNMATCHED_IEEE,0,2831-4948,ieee_scraped_20250820_173745.bib,
,11083106,,UNMATCHED_IEEE,0,,ieee_scraped_20250820_173745.bib,
,10903668,,UNMATCHED_IEEE,0,2096-0662,ieee_scraped_20250820_173745.bib,
,10673710,,UNMATCHED_IEEE,0,,ieee_scraped_20250820_173745.bib,
,10771226,,UNMATCHED_IEEE,0,,ieee_scraped_20250820_173745.bib,
,10605530,,UNMATCHED_IEEE,0,,ieee_scraped_20250820_173745.bib,
,10854839,,UNMATCHED_IEEE,0,2539-4320,ieee_scraped_20250820_173745.bib,
,10475824,,UNMATCHED_IEEE,0,2380-8004,ieee_scraped_20250820_173745.bib,
,11064242,,UNMATCHED_IEEE,0,,ieee_scraped_20250820_173745.bib,
,10710677,,UNMATCHED_IEEE,0,,ieee_scraped_20250820_173745.bib,
,10971921,,UNMATCHED_IEEE,0,1548-5757,ieee_scraped_20250820_173745.bib,
,10551108,,UNMATCHED_IEEE,0,,ieee_scraped_20250820_173745.bib,
,10794332,,UNMATCHED_IEEE,0,2693-8855,ieee_scraped_20250820_173745.bib,
,10842905,,UNMATCHED_IEEE,0,,ieee_scraped_20250820_173745.bib,
,10463265,,UNMATCHED_IEEE,0,2831-6983,ieee_scraped_20250820_173745.bib,
,10546497,,UNMATCHED_IEEE,0,1558-2590,ieee_scraped_20250820_173745.bib,
,11050474,,UNMATCHED_IEEE,0,,ieee_scraped_20250820_173745.bib,
,10730504,,UNMATCHED_IEEE,0,,ieee_scraped_20250820_173745.bib,
,10987499,,UNMATCHED_IEEE,0,,ieee_scraped_20250820_173745.bib,
,10663042,,UNMATCHED_IEEE,0,2377-570x,ieee_scraped_20250820_173745.bib,
,10857061,,UNMATCHED_IEEE,0,,ieee_scraped_20250820_173745.bib,
,10255703,,UNMATCHED_IEEE,0,,ieee_scraped_20250820_173745.bib,
,10952641,,UNMATCHED_IEEE,0,9781394254965,ieee_scraped_20250820_173745.bib,
,10691972,,UNMATCHED_IEEE,0,,ieee_scraped_20250820_173745.bib,
,10165540,,UNMATCHED_IEEE,0,,ieee_scraped_20250820_173745.bib,
,9390758,,UNMATCHED_IEEE,0,2689-6621,ieee_scraped_20250820_173745.bib,
,10277704,,UNMATCHED_IEEE,0,,ieee_scraped_20250820_173745.bib,
,10742321,,UNMATCHED_IEEE,0,2169-3536,ieee_scraped_20250820_173745.bib,
,11060512,,UNMATCHED_IEEE,0,2576-8581,ieee_scraped_20250820_173745.bib,
,10909100,,UNMATCHED_IEEE,0,2169-3536,ieee_scraped_20250820_173745.bib,
,10873189,,UNMATCHED_IEEE,0,,ieee_scraped_20250820_173745.bib,
,10961802,,UNMATCHED_IEEE,0,,ieee_scraped_20250820_173745.bib,
,11076523,,UNMATCHED_IEEE,0,,ieee_scraped_20250820_173745.bib,
,10638808,,UNMATCHED_IEEE,0,2691-4581,ieee_scraped_20250820_173745.bib,
,10397917,,UNMATCHED_IEEE,0,,ieee_scraped_20250820_173745.bib,
,10780008,,UNMATCHED_IEEE,0,,ieee_scraped_20250820_173745.bib,
,10654438,,UNMATCHED_IEEE,0,,ieee_scraped_20250820_173745.bib,
,10510042,,UNMATCHED_IEEE,0,2691-4581,ieee_scraped_20250820_173745.bib,
,10973551,,UNMATCHED_IEEE,0,,ieee_scraped_20250820_173745.bib,
,10540615,,UNMATCHED_IEEE,0,2162-2388,ieee_scraped_20250820_173745.bib,
,10981419,,UNMATCHED_IEEE,0,,ieee_scraped_20250820_173745.bib,
,11020126,,UNMATCHED_IEEE,0,,ieee_scraped_20250820_173745.bib,
,10760992,,UNMATCHED_IEEE,0,,ieee_scraped_20250820_173745.bib,
,10296694,,UNMATCHED_IEEE,0,,ieee_scraped_20250820_173745.bib,
,10989213,,UNMATCHED_IEEE,0,,ieee_scraped_20250820_173745.bib,
,10837215,,UNMATCHED_IEEE,0,,ieee_scraped_20250820_173745.bib,
,10569779,,UNMATCHED_IEEE,0,2623-8764,ieee_scraped_20250820_173745.bib,
,11075458,,UNMATCHED_IEEE,0,,ieee_scraped_20250820_173745.bib,
,10520795,,UNMATCHED_IEEE,0,,ieee_scraped_20250820_173745.bib,
,10953086,,UNMATCHED_IEEE,0,9781394254255,ieee_scraped_20250820_173745.bib,
,10951265,,UNMATCHED_IEEE,0,9781394205950,ieee_scraped_20250820_173745.bib,
,10505530,,UNMATCHED_IEEE,0,2474-3828,ieee_scraped_20250820_173816.bib,
,10721927,,UNMATCHED_IEEE,0,,ieee_scraped_20250820_173816.bib,
,9737344,,UNMATCHED_IEEE,0,2770-9515,ieee_scraped_20250820_173816.bib,
,10424297,,UNMATCHED_IEEE,0,,ieee_scraped_20250820_173816.bib,
,9027802,,UNMATCHED_IEEE,0,,ieee_scraped_20250820_173816.bib,
,10565860,,UNMATCHED_IEEE,0,2169-3536,ieee_scraped_20250820_173816.bib,
,10850736,,UNMATCHED_IEEE,0,,ieee_scraped_20250820_173816.bib,
,9047611,,UNMATCHED_IEEE,0,,ieee_scraped_20250820_173816.bib,
,10674631,,UNMATCHED_IEEE,0,2575-8284,ieee_scraped_20250820_173816.bib,
,10765939,,UNMATCHED_IEEE,0,,ieee_scraped_20250820_173816.bib,
,10649569,,UNMATCHED_IEEE,0,2169-3536,ieee_scraped_20250820_173816.bib,
,10714060,,UNMATCHED_IEEE,0,,ieee_scraped_20250820_173816.bib,
,10972692,,UNMATCHED_IEEE,0,,ieee_scraped_20250820_173816.bib,
,10489766,,UNMATCHED_IEEE,0,,ieee_scraped_20250820_173816.bib,
,10968996,,UNMATCHED_IEEE,0,2473-5655,ieee_scraped_20250820_173816.bib,
,9657489,,UNMATCHED_IEEE,0,2168-2305,ieee_scraped_20250820_173816.bib,
,11069165,,UNMATCHED_IEEE,0,,ieee_scraped_20250820_173816.bib,
,10273208,,UNMATCHED_IEEE,0,2329-924x,ieee_scraped_20250820_173816.bib,
,10733569,,UNMATCHED_IEEE,0,2642-7389,ieee_scraped_20250820_173816.bib,
,10754705,,UNMATCHED_IEEE,0,,ieee_scraped_20250820_173816.bib,
,9338888,,UNMATCHED_IEEE,0,2693-2865,ieee_scraped_20250820_173816.bib,
,11027812,,UNMATCHED_IEEE,0,2473-3547,ieee_scraped_20250820_173816.bib,
,10774819,,UNMATCHED_IEEE,0,2771-1358,ieee_scraped_20250820_173816.bib,
,10459629,,UNMATCHED_IEEE,0,,ieee_scraped_20250820_173816.bib,
,10709040,,UNMATCHED_IEEE,0,,ieee_scraped_20250820_173816.bib,
,10398283,,UNMATCHED_IEEE,0,1937-4178,ieee_scraped_20250820_173816.bib,
,10679114,,UNMATCHED_IEEE,0,2169-3536,ieee_scraped_20250820_173816.bib,
,10680564,,UNMATCHED_IEEE,0,2637-6415,ieee_scraped_20250820_173816.bib,
,10525933,,UNMATCHED_IEEE,0,2831-3682,ieee_scraped_20250820_173816.bib,
,10878212,,UNMATCHED_IEEE,0,2159-5119,ieee_scraped_20250820_173816.bib,
,10869172,,UNMATCHED_IEEE,0,,ieee_scraped_20250820_173816.bib,
,10487710,,UNMATCHED_IEEE,0,,ieee_scraped_20250820_173816.bib,
,11064486,,UNMATCHED_IEEE,0,,ieee_scraped_20250820_173816.bib,
,10968641,,UNMATCHED_IEEE,0,,ieee_scraped_20250820_173816.bib,
,10674334,,UNMATCHED_IEEE,0,2575-8284,ieee_scraped_20250820_173816.bib,
,10862237,,UNMATCHED_IEEE,0,,ieee_scraped_20250820_173816.bib,
,9799004,,UNMATCHED_IEEE,0,,ieee_scraped_20250820_173816.bib,
,9599411,,UNMATCHED_IEEE,0,2642-3596,ieee_scraped_20250820_173816.bib,
,10951343,,UNMATCHED_IEEE,0,9781394254255,ieee_scraped_20250820_173816.bib,
,10706954,,UNMATCHED_IEEE,0,1937-4178,ieee_scraped_20250820_173816.bib,
,10867065,,UNMATCHED_IEEE,0,,ieee_scraped_20250820_173816.bib,
,9323465,,UNMATCHED_IEEE,0,2153-7003,ieee_scraped_20250820_173816.bib,
,10104672,,UNMATCHED_IEEE,0,,ieee_scraped_20250820_173816.bib,
,10393550,,UNMATCHED_IEEE,0,2162-1241,ieee_scraped_20250820_173816.bib,
,11015551,,UNMATCHED_IEEE,0,2169-3536,ieee_scraped_20250820_173816.bib,
,10348800,,UNMATCHED_IEEE,0,2770-4254,ieee_scraped_20250820_173816.bib,
,10571863,,UNMATCHED_IEEE,0,,ieee_scraped_20250820_173816.bib,
,10670553,,UNMATCHED_IEEE,0,1558-0040,ieee_scraped_20250820_173816.bib,
,10843491,,UNMATCHED_IEEE,0,,ieee_scraped_20250820_173816.bib,
,10390258,,UNMATCHED_IEEE,0,,ieee_scraped_20250820_173816.bib,
,10779525,,UNMATCHED_IEEE,0,,ieee_scraped_20250820_173816.bib,
,10527283,,UNMATCHED_IEEE,0,2768-1831,ieee_scraped_20250820_173816.bib,
,10932201,,UNMATCHED_IEEE,0,,ieee_scraped_20250820_173816.bib,
,9804787,,UNMATCHED_IEEE,0,1941-1189,ieee_scraped_20250820_173816.bib,
,10934367,,UNMATCHED_IEEE,0,,ieee_scraped_20250820_173816.bib,
,10836523,,UNMATCHED_IEEE,0,,ieee_scraped_20250820_173816.bib,
,11025410,,UNMATCHED_IEEE,0,,ieee_scraped_20250820_173816.bib,
,10739133,,UNMATCHED_IEEE,0,,ieee_scraped_20250820_173816.bib,
,10790445,,UNMATCHED_IEEE,0,9783111324166,ieee_scraped_20250820_173816.bib,
,10935410,,UNMATCHED_IEEE,0,2474-3828,ieee_scraped_20250820_173816.bib,
,10565683,,UNMATCHED_IEEE,0,,ieee_scraped_20250820_173816.bib,
,10554198,,UNMATCHED_IEEE,0,,ieee_scraped_20250820_173816.bib,
,10487188,,UNMATCHED_IEEE,0,,ieee_scraped_20250820_173816.bib,
,10617075,,UNMATCHED_IEEE,0,,ieee_scraped_20250820_173816.bib,
,10952153,,UNMATCHED_IEEE,0,9781394254965,ieee_scraped_20250820_173816.bib,
,11081956,,UNMATCHED_IEEE,0,2769-3554,ieee_scraped_20250820_173816.bib,
,8600856,,UNMATCHED_IEEE,0,,ieee_scraped_20250820_173816.bib,
,10250553,,UNMATCHED_IEEE,0,,ieee_scraped_20250820_173816.bib,
,10790292,,UNMATCHED_IEEE,0,9783110762082,ieee_scraped_20250820_173816.bib,
,10940335,,UNMATCHED_IEEE,0,,ieee_scraped_20250820_173816.bib,
,10982840,,UNMATCHED_IEEE,0,2687-7767,ieee_scraped_20250820_173816.bib,
,10714073,,UNMATCHED_IEEE,0,,ieee_scraped_20250820_173816.bib,
,10393355,,UNMATCHED_IEEE,0,2162-1241,ieee_scraped_20250820_173816.bib,
,10895489,,UNMATCHED_IEEE,0,,ieee_scraped_20250820_173816.bib,
,11081974,,UNMATCHED_IEEE,0,2769-3554,ieee_scraped_20250820_173816.bib,
,10757247,,UNMATCHED_IEEE,0,2770-7962,ieee_scraped_20250820_173816.bib,
,10953273,,UNMATCHED_IEEE,0,9781394191796,ieee_scraped_20250820_173816.bib,
,10689956,,UNMATCHED_IEEE,0,2996-5357,ieee_scraped_20250820_173816.bib,
,10948931,,UNMATCHED_IEEE,0,9788770046190,ieee_scraped_20250820_173816.bib,
,10965038,,UNMATCHED_IEEE,0,,ieee_scraped_20250820_173816.bib,
,10223888,,UNMATCHED_IEEE,0,,ieee_scraped_20250820_173816.bib,
,10502095,,UNMATCHED_IEEE,0,2768-4873,ieee_scraped_20250820_173816.bib,
,10422716,,UNMATCHED_IEEE,0,2644-125x,ieee_scraped_20250820_173816.bib,
,10849533,,UNMATCHED_IEEE,0,2169-3536,ieee_scraped_20250820_173816.bib,
,10936806,,UNMATCHED_IEEE,0,,ieee_scraped_20250820_173816.bib,
,10830735,,UNMATCHED_IEEE,0,2766-4198,ieee_scraped_20250820_173816.bib,
,10287829,,UNMATCHED_IEEE,0,9781394217496,ieee_scraped_20250820_173816.bib,
,10772832,,UNMATCHED_IEEE,0,2831-4506,ieee_scraped_20250820_173816.bib,
,11098185,,UNMATCHED_IEEE,0,2996-3648,ieee_scraped_20250820_173816.bib,
,10761804,,UNMATCHED_IEEE,0,,ieee_scraped_20250820_173816.bib,
,11075444,,UNMATCHED_IEEE,0,,ieee_scraped_20250820_173816.bib,
,10507302,,UNMATCHED_IEEE,0,2837-7109,ieee_scraped_20250820_173816.bib,
,10316296,,UNMATCHED_IEEE,0,2169-3536,ieee_scraped_20250820_173816.bib,
,10578776,,UNMATCHED_IEEE,0,2165-9567,ieee_scraped_20250820_173816.bib,
,10710812,,UNMATCHED_IEEE,0,,ieee_scraped_20250820_173816.bib,
,10808042,,UNMATCHED_IEEE,0,,ieee_scraped_20250820_173816.bib,
,10951479,,UNMATCHED_IEEE,0,9781394234004,ieee_scraped_20250820_173847.bib,
,10951337,,UNMATCHED_IEEE,0,9781394276608,ieee_scraped_20250820_173847.bib,
,10842853,,UNMATCHED_IEEE,0,,ieee_scraped_20250820_173847.bib,
,10903067,,UNMATCHED_IEEE,0,2159-3450,ieee_scraped_20250820_173847.bib,
,10923822,,UNMATCHED_IEEE,0,,ieee_scraped_20250820_173847.bib,
,10406630,,UNMATCHED_IEEE,0,,ieee_scraped_20250820_173847.bib,
,10665264,,UNMATCHED_IEEE,0,2473-7623,ieee_scraped_20250820_173847.bib,
,10895089,,UNMATCHED_IEEE,0,2831-5022,ieee_scraped_20250820_173847.bib,
,9969225,,UNMATCHED_IEEE,0,,ieee_scraped_20250820_173847.bib,
,10951672,,UNMATCHED_IEEE,0,9781394242733,ieee_scraped_20250820_173847.bib,
,10713698,,UNMATCHED_IEEE,0,,ieee_scraped_20250820_173847.bib,
,10709091,,UNMATCHED_IEEE,0,,ieee_scraped_20250820_173847.bib,
,10731522,,UNMATCHED_IEEE,0,2157-8982,ieee_scraped_20250820_173847.bib,
,10598190,,UNMATCHED_IEEE,0,2637-6415,ieee_scraped_20250820_173847.bib,
,10229745,,UNMATCHED_IEEE,0,,ieee_scraped_20250820_173847.bib,
,10473376,,UNMATCHED_IEEE,0,,ieee_scraped_20250820_173847.bib,
,10345880,,UNMATCHED_IEEE,0,,ieee_scraped_20250820_173847.bib,
,10882435,,UNMATCHED_IEEE,0,,ieee_scraped_20250820_173847.bib,
,9679227,,UNMATCHED_IEEE,0,2473-3547,ieee_scraped_20250820_173847.bib,
,10867936,,UNMATCHED_IEEE,0,,ieee_scraped_20250820_173847.bib,
,10868958,,UNMATCHED_IEEE,0,,ieee_scraped_20250820_173847.bib,
,10805663,,UNMATCHED_IEEE,0,2575-5145,ieee_scraped_20250820_173847.bib,
,10440330,,UNMATCHED_IEEE,0,2169-3536,ieee_scraped_20250820_173847.bib,
,10923368,,UNMATCHED_IEEE,0,,ieee_scraped_20250820_173847.bib,
,10968284,,UNMATCHED_IEEE,0,2643-444x,ieee_scraped_20250820_173847.bib,
,10893139,,UNMATCHED_IEEE,0,2377-634x,ieee_scraped_20250820_173847.bib,
,10776725,,UNMATCHED_IEEE,0,2690-5892,ieee_scraped_20250820_173847.bib,
,11013667,,UNMATCHED_IEEE,0,,ieee_scraped_20250820_173847.bib,
,10930751,,UNMATCHED_IEEE,0,2995-4274,ieee_scraped_20250820_173847.bib,
,9831441,,UNMATCHED_IEEE,0,2169-3536,ieee_scraped_20250820_173847.bib,
,10953151,,UNMATCHED_IEEE,0,9781394235896,ieee_scraped_20250820_173847.bib,
,10247566,,UNMATCHED_IEEE,0,1939-1382,ieee_scraped_20250820_173847.bib,
,10605538,,UNMATCHED_IEEE,0,,ieee_scraped_20250820_173847.bib,
,10967977,,UNMATCHED_IEEE,0,2693-289x,ieee_scraped_20250820_173847.bib,
,10409102,,UNMATCHED_IEEE,0,2693-2865,ieee_scraped_20250820_173847.bib,
,10549672,,UNMATCHED_IEEE,0,,ieee_scraped_20250820_173847.bib,
,10689966,,UNMATCHED_IEEE,0,2996-5357,ieee_scraped_20250820_173847.bib,
,10500608,,UNMATCHED_IEEE,0,,ieee_scraped_20250820_173847.bib,
,10913304,,UNMATCHED_IEEE,0,,ieee_scraped_20250820_173847.bib,
,10794363,,UNMATCHED_IEEE,0,2693-8855,ieee_scraped_20250820_173847.bib,
,10883800,,UNMATCHED_IEEE,0,2831-7343,ieee_scraped_20250820_173847.bib,
,10311217,,UNMATCHED_IEEE,0,2155-7209,ieee_scraped_20250820_173847.bib,
,10500578,,UNMATCHED_IEEE,0,,ieee_scraped_20250820_173847.bib,
,10754774,,UNMATCHED_IEEE,0,,ieee_scraped_20250820_173847.bib,
,10784408,,UNMATCHED_IEEE,0,,ieee_scraped_20250820_173847.bib,
,11035026,,UNMATCHED_IEEE,0,,ieee_scraped_20250820_173847.bib,
,10961311,,UNMATCHED_IEEE,0,,ieee_scraped_20250820_173847.bib,
,11104909,,UNMATCHED_IEEE,0,,ieee_scraped_20250820_173847.bib,
,10474169,,UNMATCHED_IEEE,0,1939-1382,ieee_scraped_20250820_173847.bib,
,10949140,,UNMATCHED_IEEE,0,2169-3536,ieee_scraped_20250820_173847.bib,
,10870725,,UNMATCHED_IEEE,0,2640-5768,ieee_scraped_20250820_173847.bib,
,10948926,,UNMATCHED_IEEE,0,9788770046190,ieee_scraped_20250820_173847.bib,
,10948936,,UNMATCHED_IEEE,0,9788770046190,ieee_scraped_20250820_173847.bib,
,10948935,,UNMATCHED_IEEE,0,9788770046190,ieee_scraped_20250820_173847.bib,
,10948941,,UNMATCHED_IEEE,0,9788770046190,ieee_scraped_20250820_173847.bib,
,10873078,,UNMATCHED_IEEE,0,,ieee_scraped_20250820_173847.bib,
,10202180,,UNMATCHED_IEEE,0,2691-4581,ieee_scraped_20250820_173847.bib,
,11113536,,UNMATCHED_IEEE,0,2766-2144,ieee_scraped_20250820_173847.bib,
,10960792,,UNMATCHED_IEEE,0,,ieee_scraped_20250820_173847.bib,
,10796123,,UNMATCHED_IEEE,0,,ieee_scraped_20250820_173847.bib,
,11012528,,UNMATCHED_IEEE,0,,ieee_scraped_20250820_173847.bib,
,11008832,,UNMATCHED_IEEE,0,1939-1382,ieee_scraped_20250820_173847.bib,
,10958890,,UNMATCHED_IEEE,0,,ieee_scraped_20250820_173847.bib,
,10390116,,UNMATCHED_IEEE,0,,ieee_scraped_20250820_173847.bib,
,11052074,,UNMATCHED_IEEE,0,,ieee_scraped_20250820_173847.bib,
,10589003,,UNMATCHED_IEEE,0,2770-0682,ieee_scraped_20250820_173847.bib,
,10578328,,UNMATCHED_IEEE,0,2165-9567,ieee_scraped_20250820_173847.bib,
,10804609,,UNMATCHED_IEEE,0,1937-4178,ieee_scraped_20250820_173847.bib,
,8327197,,UNMATCHED_IEEE,0,2474-9044,ieee_scraped_20250820_173847.bib,
,10704181,,UNMATCHED_IEEE,0,,ieee_scraped_20250820_173847.bib,
,10868753,,UNMATCHED_IEEE,0,,ieee_scraped_20250820_173847.bib,
,11063763,,UNMATCHED_IEEE,0,,ieee_scraped_20250820_173847.bib,
,9040844,,UNMATCHED_IEEE,0,2327-0594,ieee_scraped_20250820_173847.bib,
,10939185,,UNMATCHED_IEEE,0,,ieee_scraped_20250820_173847.bib,
,11063980,,UNMATCHED_IEEE,0,,ieee_scraped_20250820_173847.bib,
,10420208,,UNMATCHED_IEEE,0,,ieee_scraped_20250820_173847.bib,
,10479205,,UNMATCHED_IEEE,0,2169-3536,ieee_scraped_20250820_173847.bib,
,10934337,,UNMATCHED_IEEE,0,,ieee_scraped_20250820_173847.bib,
,9811076,,UNMATCHED_IEEE,0,2325-5374,ieee_scraped_20250820_173847.bib,
,10979327,,UNMATCHED_IEEE,0,2169-3536,ieee_scraped_20250820_173847.bib,
,10537699,,UNMATCHED_IEEE,0,2640-074x,ieee_scraped_20250820_173847.bib,
,10761124,,UNMATCHED_IEEE,0,2687-6817,ieee_scraped_20250820_173847.bib,
,10224780,,UNMATCHED_IEEE,0,1941-045x,ieee_scraped_20250820_173847.bib,
,11051553,,UNMATCHED_IEEE,0,,ieee_scraped_20250820_173847.bib,
,10991506,,UNMATCHED_IEEE,0,,ieee_scraped_20250820_173847.bib,
,10205749,,UNMATCHED_IEEE,0,,ieee_scraped_20250820_173847.bib,
,11099716,,UNMATCHED_IEEE,0,,ieee_scraped_20250820_173847.bib,
,10760469,,UNMATCHED_IEEE,0,,ieee_scraped_20250820_173847.bib,
,10478883,,UNMATCHED_IEEE,0,2169-3536,ieee_scraped_20250820_173847.bib,
,10522548,,UNMATCHED_IEEE,0,9781835080160,ieee_scraped_20250820_173847.bib,
,9072725,,UNMATCHED_IEEE,0,,ieee_scraped_20250820_173847.bib,
,10155020,,UNMATCHED_IEEE,0,,ieee_scraped_20250820_173847.bib,
,11039475,,UNMATCHED_IEEE,0,,ieee_scraped_20250820_173847.bib,
,10962923,,UNMATCHED_IEEE,0,,ieee_scraped_20250820_173847.bib,
,9696015,,UNMATCHED_IEEE,0,,ieee_scraped_20250820_173847.bib,
,10951362,,UNMATCHED_IEEE,0,9781394219261,ieee_scraped_20250820_173847.bib,
,10500634,,UNMATCHED_IEEE,0,,ieee_scraped_20250820_173919.bib,
,10843672,,UNMATCHED_IEEE,0,2169-3536,ieee_scraped_20250820_173919.bib,
,10790365,,UNMATCHED_IEEE,0,9783111324166,ieee_scraped_20250820_173919.bib,
,10510819,,UNMATCHED_IEEE,0,,ieee_scraped_20250820_173919.bib,
,11014920,,UNMATCHED_IEEE,0,,ieee_scraped_20250820_173919.bib,
,10670531,,UNMATCHED_IEEE,0,1558-0040,ieee_scraped_20250820_173919.bib,
,9349326,,UNMATCHED_IEEE,0,,ieee_scraped_20250820_173919.bib,
,10341250,,UNMATCHED_IEEE,0,2169-3536,ieee_scraped_20250820_173919.bib,
,10344286,,UNMATCHED_IEEE,0,,ieee_scraped_20250820_173919.bib,
,11053033,,UNMATCHED_IEEE,0,,ieee_scraped_20250820_173919.bib,
,10047343,,UNMATCHED_IEEE,0,2767-7362,ieee_scraped_20250820_173919.bib,
,10786650,,UNMATCHED_IEEE,0,,ieee_scraped_20250820_173919.bib,
,10786710,,UNMATCHED_IEEE,0,,ieee_scraped_20250820_173919.bib,
,10693470,,UNMATCHED_IEEE,0,2169-3536,ieee_scraped_20250820_173919.bib,
,10796146,,UNMATCHED_IEEE,0,,ieee_scraped_20250820_173919.bib,
,10810858,,UNMATCHED_IEEE,0,,ieee_scraped_20250820_173919.bib,
,8905263,,UNMATCHED_IEEE,0,2472-8489,ieee_scraped_20250820_173919.bib,
,10087454,,UNMATCHED_IEEE,0,,ieee_scraped_20250820_173919.bib,
,10487469,,UNMATCHED_IEEE,0,,ieee_scraped_20250820_173919.bib,
,10493370,,UNMATCHED_IEEE,0,,ieee_scraped_20250820_173919.bib,
,10796552,,UNMATCHED_IEEE,0,,ieee_scraped_20250820_173919.bib,
,10836399,,UNMATCHED_IEEE,0,,ieee_scraped_20250820_173919.bib,
,10975790,,UNMATCHED_IEEE,0,2169-3536,ieee_scraped_20250820_173919.bib,
,10897269,,UNMATCHED_IEEE,0,1941-1294,ieee_scraped_20250820_173919.bib,
,11016458,,UNMATCHED_IEEE,0,2165-9567,ieee_scraped_20250820_173919.bib,
,10560368,,UNMATCHED_IEEE,0,,ieee_scraped_20250820_173919.bib,
,10795737,,UNMATCHED_IEEE,0,,ieee_scraped_20250820_173919.bib,
,9951580,,UNMATCHED_IEEE,0,,ieee_scraped_20250820_173919.bib,
,10702039,,UNMATCHED_IEEE,0,1941-1294,ieee_scraped_20250820_173919.bib,
,10947832,,UNMATCHED_IEEE,0,,ieee_scraped_20250820_173919.bib,
,11084072,,UNMATCHED_IEEE,0,,ieee_scraped_20250820_173919.bib,
,11050624,,UNMATCHED_IEEE,0,,ieee_scraped_20250820_173919.bib,
,10317680,,UNMATCHED_IEEE,0,2766-0419,ieee_scraped_20250820_173919.bib,
,10491909,,UNMATCHED_IEEE,0,,ieee_scraped_20250820_173919.bib,
,10716156,,UNMATCHED_IEEE,0,,ieee_scraped_20250820_173919.bib,
,10598766,,UNMATCHED_IEEE,0,2837-8601,ieee_scraped_20250820_173919.bib,
,9182563,,UNMATCHED_IEEE,0,,ieee_scraped_20250820_173919.bib,
,10895857,,UNMATCHED_IEEE,0,,ieee_scraped_20250820_173919.bib,
,10498251,,UNMATCHED_IEEE,0,,ieee_scraped_20250820_173919.bib,
,10904358,,UNMATCHED_IEEE,0,,ieee_scraped_20250820_173919.bib,
,11098253,,UNMATCHED_IEEE,0,2603-3267,ieee_scraped_20250820_173919.bib,
,9216245,,UNMATCHED_IEEE,0,,ieee_scraped_20250820_173919.bib,
,10734642,,UNMATCHED_IEEE,0,,ieee_scraped_20250820_173919.bib,
,10948954,,UNMATCHED_IEEE,0,9788770046190,ieee_scraped_20250820_173919.bib,
,10948948,,UNMATCHED_IEEE,0,9788770046190,ieee_scraped_20250820_173919.bib,
,11092250,,UNMATCHED_IEEE,0,,ieee_scraped_20250820_173919.bib,
,8735904,,UNMATCHED_IEEE,0,1941-0166,ieee_scraped_20250820_173919.bib,
,9616779,,UNMATCHED_IEEE,0,,ieee_scraped_20250820_173919.bib,
,10456172,,UNMATCHED_IEEE,0,,ieee_scraped_20250820_173919.bib,
,11024923,,UNMATCHED_IEEE,0,,ieee_scraped_20250820_173919.bib,
,10158463,,UNMATCHED_IEEE,0,9788770228848,ieee_scraped_20250820_173919.bib,
,11105309,,UNMATCHED_IEEE,0,,ieee_scraped_20250820_173919.bib,
,9745251,,UNMATCHED_IEEE,0,2334-3052,ieee_scraped_20250820_173919.bib,
,10948005,,UNMATCHED_IEEE,0,,ieee_scraped_20250820_173919.bib,
,10841633,,UNMATCHED_IEEE,0,,ieee_scraped_20250820_173919.bib,
,10980871,,UNMATCHED_IEEE,0,1945-8452,ieee_scraped_20250820_173919.bib,
,10947002,,UNMATCHED_IEEE,0,2169-3536,ieee_scraped_20250820_173919.bib,
,10349394,,UNMATCHED_IEEE,0,,ieee_scraped_20250820_173919.bib,
,11050616,,UNMATCHED_IEEE,0,,ieee_scraped_20250820_173919.bib,
,10496980,,UNMATCHED_IEEE,0,,ieee_scraped_20250820_173919.bib,
,10708721,,UNMATCHED_IEEE,0,2831-6878,ieee_scraped_20250820_173919.bib,
,10988218,,UNMATCHED_IEEE,0,2996-1815,ieee_scraped_20250820_173919.bib,
,10521640,,UNMATCHED_IEEE,0,2169-3536,ieee_scraped_20250820_173919.bib,
,10826083,,UNMATCHED_IEEE,0,2573-2978,ieee_scraped_20250820_173919.bib,
,11013415,,UNMATCHED_IEEE,0,,ieee_scraped_20250820_173919.bib,
,10454942,,UNMATCHED_IEEE,0,,ieee_scraped_20250820_173919.bib,
,10948966,,UNMATCHED_IEEE,0,9788770046190,ieee_scraped_20250820_173919.bib,
,9622204,,UNMATCHED_IEEE,0,2708-6240,ieee_scraped_20250820_173919.bib,
,9539878,,UNMATCHED_IEEE,0,2637-6415,ieee_scraped_20250820_173919.bib,
,10594415,,UNMATCHED_IEEE,0,,ieee_scraped_20250820_173919.bib,
,10989156,,UNMATCHED_IEEE,0,,ieee_scraped_20250820_173919.bib,
,10936759,,UNMATCHED_IEEE,0,1738-9445,ieee_scraped_20250820_173919.bib,
,10796022,,UNMATCHED_IEEE,0,,ieee_scraped_20250820_173919.bib,
,10421464,,UNMATCHED_IEEE,0,,ieee_scraped_20250820_173919.bib,
,10572350,,UNMATCHED_IEEE,0,1941-045x,ieee_scraped_20250820_173919.bib,
,11101406,,UNMATCHED_IEEE,0,2834-8249,ieee_scraped_20250820_173919.bib,
,10837655,,UNMATCHED_IEEE,0,2473-2060,ieee_scraped_20250820_173919.bib,
,11112244,,UNMATCHED_IEEE,0,2165-0608,ieee_scraped_20250820_173919.bib,
,10589404,,UNMATCHED_IEEE,0,2169-3536,ieee_scraped_20250820_173919.bib,
,11095464,,UNMATCHED_IEEE,0,2688-0253,ieee_scraped_20250820_173919.bib,
,10394624,,UNMATCHED_IEEE,0,2577-1655,ieee_scraped_20250820_173919.bib,
,10871702,,UNMATCHED_IEEE,0,,ieee_scraped_20250820_173919.bib,
,10162094,,UNMATCHED_IEEE,0,2688-1454,ieee_scraped_20250820_173919.bib,
,11102439,,UNMATCHED_IEEE,0,,ieee_scraped_20250820_173919.bib,
,10950566,,UNMATCHED_IEEE,0,9781394205950,ieee_scraped_20250820_173919.bib,
,10620943,,UNMATCHED_IEEE,0,2835-3161,ieee_scraped_20250820_173919.bib,
,11102485,,UNMATCHED_IEEE,0,,ieee_scraped_20250820_173919.bib,
,10425069,,UNMATCHED_IEEE,0,,ieee_scraped_20250820_173919.bib,
,10924882,,UNMATCHED_IEEE,0,2993-396x,ieee_scraped_20250820_173919.bib,
,11015017,,UNMATCHED_IEEE,0,,ieee_scraped_20250820_173919.bib,
,11014955,,UNMATCHED_IEEE,0,,ieee_scraped_20250820_173919.bib,
,10423679,,UNMATCHED_IEEE,0,2476-2172,ieee_scraped_20250820_173919.bib,
,10296683,,UNMATCHED_IEEE,0,,ieee_scraped_20250820_173919.bib,
,10319443,,UNMATCHED_IEEE,0,2691-4581,ieee_scraped_20250820_173919.bib,
,10923276,,UNMATCHED_IEEE,0,,ieee_scraped_20250820_173919.bib,
,10790342,,UNMATCHED_IEEE,0,9783110767759,ieee_scraped_20250820_173919.bib,
,10742660,,UNMATCHED_IEEE,0,,ieee_scraped_20250820_173919.bib,
,10151603,,UNMATCHED_IEEE,0,,ieee_scraped_20250820_173919.bib,
,,10.1145/3706370.3731650,UNMATCHED_ACM,0,9798400713910,,acm_scraped_20250820_174604.bib
,,10.1145/3726010.3726029,UNMATCHED_ACM,0,9798400712845,,acm_scraped_20250820_174604.bib
,,10.1145/3670243.3670781,UNMATCHED_ACM,0,9798400717093,,acm_scraped_20250820_174604.bib
,,10.5555/3712729.3712955,UNMATCHED_ACM,0,9798331534202,,acm_scraped_20250820_174604.bib
,,10.1145/3711403.3711410,UNMATCHED_ACM,0,9798400717468,,acm_scraped_20250820_174604.bib
,,10.1145/3636555.3636879,UNMATCHED_ACM,0,9798400716188,,acm_scraped_20250820_174604.bib
,,10.1145/3722237.3722379,UNMATCHED_ACM,0,9798400712692,,acm_scraped_20250820_174604.bib
,,10.1145/3734921.3734931,UNMATCHED_ACM,0,9798400713460,,acm_scraped_20250820_174604.bib
,,10.1145/3702212.3702217,UNMATCHED_ACM,0,9798400711725,,acm_scraped_20250820_174604.bib
,,10.1145/3711403.3711436,UNMATCHED_ACM,0,9798400717468,,acm_scraped_20250820_174604.bib
,,10.1145/3657054.3657129,UNMATCHED_ACM,0,9798400709883,,acm_scraped_20250820_174604.bib
,,10.1145/3706599.3719696,UNMATCHED_ACM,0,9798400713958,,acm_scraped_20250820_174604.bib
,,10.1145/3734921,UNMATCHED_ACM,0,9798400713460,,acm_scraped_20250820_174604.bib
,,10.1145/3711403.3711454,UNMATCHED_ACM,0,9798400717468,,acm_scraped_20250820_174604.bib
,,10.1145/3706598.3713348,UNMATCHED_ACM,0,9798400713941,,acm_scraped_20250820_174604.bib
,,10.1145/3704289.3704296,UNMATCHED_ACM,0,9798400716980,,acm_scraped_20250820_174604.bib
,,10.1145/3757927,UNMATCHED_ACM,0,2157-6904,,acm_scraped_20250820_174604.bib
,,10.1145/3691720.3691809,UNMATCHED_ACM,0,9798400710230,,acm_scraped_20250820_174604.bib
,,10.1145/3658321.3658367,UNMATCHED_ACM,0,9798400709968,,acm_scraped_20250820_174604.bib
,,10.1145/3734921.3734933,UNMATCHED_ACM,0,9798400713460,,acm_scraped_20250820_174604.bib
,,10.1145/3731626.3689825,UNMATCHED_ACM,0,,,acm_scraped_20250820_174604.bib
,,10.1145/3724504.3724537,UNMATCHED_ACM,0,9798400711732,,acm_scraped_20250820_174604.bib
,,10.1145/3613904.3642114,UNMATCHED_ACM,0,9798400703300,,acm_scraped_20250820_174604.bib
,,10.1145/3745676.3745728,UNMATCHED_ACM,0,9798400715150,,acm_scraped_20250820_174604.bib
,,10.1145/3671151.3671178,UNMATCHED_ACM,0,9798400718106,,acm_scraped_20250820_174604.bib
,,10.1145/3613904.3642824,UNMATCHED_ACM,0,9798400703300,,acm_scraped_20250820_174604.bib
,,10.1145/3657604.3664720,UNMATCHED_ACM,0,9798400706332,,acm_scraped_20250820_174604.bib
,,10.1145/3711403.3711453,UNMATCHED_ACM,0,9798400717468,,acm_scraped_20250820_174604.bib
,,10.1145/3686852.3687075,UNMATCHED_ACM,0,9798400711060,,acm_scraped_20250820_174604.bib
,,10.1145/3657604.3662029,UNMATCHED_ACM,0,9798400706332,,acm_scraped_20250820_174604.bib
,,10.1145/3708036.3708151,UNMATCHED_ACM,0,9798400709999,,acm_scraped_20250820_174604.bib
,,10.1145/3711403.3711457,UNMATCHED_ACM,0,9798400717468,,acm_scraped_20250820_174604.bib
,,10.1145/3745238.3745312,UNMATCHED_ACM,0,9798400712791,,acm_scraped_20250820_174604.bib
,,10.1145/3711403.3711425,UNMATCHED_ACM,0,9798400717468,,acm_scraped_20250820_174604.bib
,,10.1145/3703459,UNMATCHED_ACM,0,,,acm_scraped_20250820_174604.bib
,,10.1145/3672608.3707817,UNMATCHED_ACM,0,9798400706295,,acm_scraped_20250820_174604.bib
,,10.1145/3708597.3708606,UNMATCHED_ACM,0,9798400718304,,acm_scraped_20250820_174604.bib
,,10.1145/3665348,UNMATCHED_ACM,0,9798400709562,,acm_scraped_20250820_174604.bib
,,10.1145/3597638.3614548,UNMATCHED_ACM,0,9798400702204,,acm_scraped_20250820_174604.bib
,,10.1145/3723890.3723902,UNMATCHED_ACM,0,9798400712623,,acm_scraped_20250820_174604.bib
,,10.1145/3724504.3724511,UNMATCHED_ACM,0,9798400711732,,acm_scraped_20250820_174638.bib
,,10.1145/3658271.3658337,UNMATCHED_ACM,0,9798400709968,,acm_scraped_20250820_174638.bib
,,10.1145/3722237.3722377,UNMATCHED_ACM,0,9798400712692,,acm_scraped_20250820_174638.bib
,,10.1145/3672608.3707764,UNMATCHED_ACM,0,9798400706295,,acm_scraped_20250820_174638.bib
,,10.1145/3678726.3678778,UNMATCHED_ACM,0,9798400717611,,acm_scraped_20250820_174638.bib
,,10.1145/3678392.3678405,UNMATCHED_ACM,0,9798400717123,,acm_scraped_20250820_174638.bib
,,10.1145/3641555.3705061,UNMATCHED_ACM,0,9798400705328,,acm_scraped_20250820_174638.bib
,,10.1145/3690391,UNMATCHED_ACM,0,1556-4673,,acm_scraped_20250820_174638.bib
,,10.1145/3706468.3706559,UNMATCHED_ACM,0,9798400707018,,acm_scraped_20250820_174638.bib
,,10.1145/3657054.3659122,UNMATCHED_ACM,0,9798400709883,,acm_scraped_20250820_174638.bib
,,10.1145/3704289.3704293,UNMATCHED_ACM,0,9798400716980,,acm_scraped_20250820_174638.bib
,,10.1145/3732801.3732821,UNMATCHED_ACM,0,9798400712432,,acm_scraped_20250820_174638.bib
,,10.1145/3722237.3722399,UNMATCHED_ACM,0,9798400712692,,acm_scraped_20250820_174638.bib
,,10.1145/3568812.3603469,UNMATCHED_ACM,0,9781450399753,,acm_scraped_20250820_174638.bib
,,10.1145/3670740,UNMATCHED_ACM,0,9798400709883,,acm_scraped_20250820_174638.bib
,,10.1145/3613904.3642899,UNMATCHED_ACM,0,9798400703300,,acm_scraped_20250820_174638.bib
,,10.1145/3700297.3700308,UNMATCHED_ACM,0,9798400707100,,acm_scraped_20250820_174638.bib
,,10.1145/3700297.3700354,UNMATCHED_ACM,0,9798400707100,,acm_scraped_20250820_174638.bib
,,10.1145/3649217.3653575,UNMATCHED_ACM,0,9798400706004,,acm_scraped_20250820_174638.bib
,,10.1145/3696500.3696575,UNMATCHED_ACM,0,9798400710278,,acm_scraped_20250820_174638.bib
,,10.1145/3722237.3722258,UNMATCHED_ACM,0,9798400712692,,acm_scraped_20250820_174638.bib
,,10.1145/3675812.3675870,UNMATCHED_ACM,0,9798400716805,,acm_scraped_20250820_174638.bib
,,10.1145/3626252.3630938,UNMATCHED_ACM,0,9798400704239,,acm_scraped_20250820_174638.bib
,,10.1145/3687311.3687415,UNMATCHED_ACM,0,9798400709920,,acm_scraped_20250820_174638.bib
,,10.1145/3689433,UNMATCHED_ACM,0,1073-0516,,acm_scraped_20250820_174638.bib
,,10.1145/3531146.3533077,UNMATCHED_ACM,0,9781450393522,,acm_scraped_20250820_174638.bib
,,10.1145/3626253.3635427,UNMATCHED_ACM,0,9798400704246,,acm_scraped_20250820_174638.bib
,,10.1145/3711403.3711408,UNMATCHED_ACM,0,9798400717468,,acm_scraped_20250820_174638.bib
,,10.1145/3706598.3714121,UNMATCHED_ACM,0,9798400713941,,acm_scraped_20250820_174638.bib
,,10.1145/3726010.3726032,UNMATCHED_ACM,0,9798400712845,,acm_scraped_20250820_174638.bib
,,10.1145/3691016.3691035,UNMATCHED_ACM,0,9798400710285,,acm_scraped_20250820_174638.bib
,,10.1145/3675417.3675574,UNMATCHED_ACM,0,9798400717147,,acm_scraped_20250820_174638.bib
,,10.1145/3675417.3675461,UNMATCHED_ACM,0,9798400717147,,acm_scraped_20250820_174638.bib
,,10.1145/3637907.3637947,UNMATCHED_ACM,0,9798400716676,,acm_scraped_20250820_174638.bib
,,10.1145/3729605.3729611,UNMATCHED_ACM,0,9798400714405,,acm_scraped_20250820_174638.bib
,,10.1145/3661167.3661177,UNMATCHED_ACM,0,9798400717017,,acm_scraped_20250820_174638.bib
,,10.1145/3686081.3686126,UNMATCHED_ACM,0,9798400718151,,acm_scraped_20250820_174638.bib
,,10.1145/3660043.3660174,UNMATCHED_ACM,0,9798400716157,,acm_scraped_20250820_174638.bib
,,10.1145/3675417.3675453,UNMATCHED_ACM,0,9798400717147,,acm_scraped_20250820_174638.bib
,,10.1145/3728725.3728763,UNMATCHED_ACM,0,9798400713453,,acm_scraped_20250820_174638.bib
,,10.1145/3734921.3734944,UNMATCHED_ACM,0,9798400713460,,acm_scraped_20250820_174638.bib
,,10.1145/3691422.3691471,UNMATCHED_ACM,0,9798400717260,,acm_scraped_20250820_174638.bib
,,10.1145/3708394.3708425,UNMATCHED_ACM,0,9798400710650,,acm_scraped_20250820_174638.bib
,,10.1145/3744367.3744395,UNMATCHED_ACM,0,9798400715068,,acm_scraped_20250820_174638.bib
,,10.1145/3656650.3656733,UNMATCHED_ACM,0,9798400717642,,acm_scraped_20250820_174718.bib
,,10.1145/3689535.3689553,UNMATCHED_ACM,0,9798400711770,,acm_scraped_20250820_174718.bib
,,10.1145/3745238.3745456,UNMATCHED_ACM,0,9798400712791,,acm_scraped_20250820_174718.bib
,,10.1145/3734921.3734926,UNMATCHED_ACM,0,9798400713460,,acm_scraped_20250820_174718.bib
,,10.1145/3641825.3689685,UNMATCHED_ACM,0,9798400705359,,acm_scraped_20250820_174718.bib
,,10.1145/3734921.3734923,UNMATCHED_ACM,0,9798400713460,,acm_scraped_20250820_174718.bib
,,10.1145/3706599.3719972,UNMATCHED_ACM,0,9798400713958,,acm_scraped_20250820_174718.bib
,,10.1145/3724389.3731266,UNMATCHED_ACM,0,9798400715693,,acm_scraped_20250820_174718.bib
,,10.1145/3729706.3729807,UNMATCHED_ACM,0,9798400712715,,acm_scraped_20250820_174718.bib
,,10.1145/3734921.3734942,UNMATCHED_ACM,0,9798400713460,,acm_scraped_20250820_174718.bib
,,10.1145/3745238.3745524,UNMATCHED_ACM,0,9798400712791,,acm_scraped_20250820_174718.bib
,,10.1145/3641554.3701853,UNMATCHED_ACM,0,9798400705311,,acm_scraped_20250820_174718.bib
,,10.1145/3698061.3726959,UNMATCHED_ACM,0,9798400712890,,acm_scraped_20250820_174718.bib
,,10.1613/jair.1.17175,UNMATCHED_ACM,0,1076-9757,,acm_scraped_20250820_174718.bib
,,10.1145/3605390.3610821,UNMATCHED_ACM,0,9798400708060,,acm_scraped_20250820_174718.bib
,,10.1145/3708319.3733669,UNMATCHED_ACM,0,9798400713996,,acm_scraped_20250820_174718.bib
,,10.1145/3716489.3728432,UNMATCHED_ACM,0,9798400714979,,acm_scraped_20250820_174718.bib
,,10.1145/3678884.3681897,UNMATCHED_ACM,0,9798400711145,,acm_scraped_20250820_174718.bib
,,10.1145/3722547,UNMATCHED_ACM,0,0001-0782,,acm_scraped_20250820_174718.bib
,,10.1145/3734921.3734945,UNMATCHED_ACM,0,9798400713460,,acm_scraped_20250820_174718.bib
,,10.1145/3665463.3678856,UNMATCHED_ACM,0,9798400706929,,acm_scraped_20250820_174718.bib
,,10.1145/3636555.3636866,UNMATCHED_ACM,0,9798400716188,,acm_scraped_20250820_174718.bib
,,10.1145/3638567,UNMATCHED_ACM,0,0001-0782,,acm_scraped_20250820_174718.bib
,,10.1145/3734921.3734943,UNMATCHED_ACM,0,9798400713460,,acm_scraped_20250820_174718.bib
,,10.1145/3696630.3728723,UNMATCHED_ACM,0,9798400712760,,acm_scraped_20250820_174718.bib
,,10.1145/3641554.3701785,UNMATCHED_ACM,0,9798400705311,,acm_scraped_20250820_174718.bib
,,10.1145/3719006,UNMATCHED_ACM,0,1049-331x,,acm_scraped_20250820_174718.bib
,,10.1145/3732797,UNMATCHED_ACM,0,0001-0782,,acm_scraped_20250820_174718.bib
,,10.1145/3654699,UNMATCHED_ACM,0,0001-0782,,acm_scraped_20250820_174718.bib
,,10.1145/3648188.3675120,UNMATCHED_ACM,0,9798400705953,,acm_scraped_20250820_174718.bib
,,10.1145/3700297.3700315,UNMATCHED_ACM,0,9798400707100,,acm_scraped_20250820_174718.bib
,,10.1145/3726010.3726014,UNMATCHED_ACM,0,9798400712845,,acm_scraped_20250820_174718.bib
,,10.1145/3686169.3686172,UNMATCHED_ACM,0,9798400710421,,acm_scraped_20250820_174718.bib
,,10.1145/3716640.3716658,UNMATCHED_ACM,0,9798400714252,,acm_scraped_20250820_174718.bib
,,10.1145/3729434.3729456,UNMATCHED_ACM,0,9798400712630,,acm_scraped_20250820_174718.bib
,,10.1145/3641237.3691669,UNMATCHED_ACM,0,9798400705199,,acm_scraped_20250820_174718.bib
,,10.1145/3709026.3709100,UNMATCHED_ACM,0,9798400718182,,acm_scraped_20250820_174718.bib
,,10.1145/3658549.3658566,UNMATCHED_ACM,0,9798400709180,,acm_scraped_20250820_174718.bib
,,10.1145/3641237.3691672,UNMATCHED_ACM,0,9798400705199,,acm_scraped_20250820_174718.bib
,,10.1145/3639856.3639893,UNMATCHED_ACM,0,9798400716492,,acm_scraped_20250820_174718.bib
,,10.1145/3711403.3711452,UNMATCHED_ACM,0,9798400717468,,acm_scraped_20250820_174718.bib
,,10.1145/3706101,UNMATCHED_ACM,0,0001-0782,,acm_scraped_20250820_174718.bib
,,10.1145/3632634.3655888,UNMATCHED_ACM,0,9798400704772,,acm_scraped_20250820_174718.bib
,,10.1145/3722449.3722466,UNMATCHED_ACM,0,0163-5840,,acm_scraped_20250820_174718.bib
,,10.1145/3742939.3742946,UNMATCHED_ACM,0,1094-3641,,acm_scraped_20250820_174718.bib
,,10.1145/3732775.3733572,UNMATCHED_ACM,0,9798400718861,,acm_scraped_20250820_174718.bib
,,10.1145/3734921.3734932,UNMATCHED_ACM,0,9798400713460,,acm_scraped_20250820_174718.bib
,,10.1145/3685680,UNMATCHED_ACM,0,,,acm_scraped_20250820_174718.bib
,,10.1145/3715336.3735808,UNMATCHED_ACM,0,9798400714856,,acm_scraped_20250820_174718.bib
,,10.1145/3715336.3735808,UNMATCHED_ACM,0,9798400714856,,acm_scraped_20250820_174903.bib
,,10.1145/3674844,UNMATCHED_ACM,0,,,acm_scraped_20250820_174903.bib
,,10.1145/3744367.3744408,UNMATCHED_ACM,0,9798400715068,,acm_scraped_20250820_174903.bib
,,10.1145/3728725.3728753,UNMATCHED_ACM,0,9798400713453,,acm_scraped_20250820_174903.bib
,,10.1145/3734921.3734939,UNMATCHED_ACM,0,9798400713460,,acm_scraped_20250820_174903.bib
,,10.1145/3706599.3719841,UNMATCHED_ACM,0,9798400713958,,acm_scraped_20250820_174903.bib
,,10.1145/3724504.3724622,UNMATCHED_ACM,0,9798400711732,,acm_scraped_20250820_174903.bib
,,10.1145/3689492.3690050,UNMATCHED_ACM,0,9798400712159,,acm_scraped_20250820_174903.bib
,,10.1145/3696630.3731469,UNMATCHED_ACM,0,9798400712760,,acm_scraped_20250820_174903.bib
,,10.1145/3652037.3663893,UNMATCHED_ACM,0,9798400717604,,acm_scraped_20250820_174903.bib
,,10.1145/3658644.3670299,UNMATCHED_ACM,0,9798400706363,,acm_scraped_20250820_174903.bib
,,10.1145/3665348.3665359,UNMATCHED_ACM,0,9798400709562,,acm_scraped_20250820_174903.bib
,,10.1145/3652102,UNMATCHED_ACM,0,0001-0782,,acm_scraped_20250820_174903.bib
,,10.1145/3665348.3665413,UNMATCHED_ACM,0,9798400709562,,acm_scraped_20250820_174903.bib
,,10.1145/3627673.3679087,UNMATCHED_ACM,0,9798400704369,,acm_scraped_20250820_174903.bib
,,10.1145/3665348.3665418,UNMATCHED_ACM,0,9798400709562,,acm_scraped_20250820_174903.bib
,,10.1145/3728725.3728757,UNMATCHED_ACM,0,9798400713453,,acm_scraped_20250820_174903.bib
,,10.1145/3708557.3716158,UNMATCHED_ACM,0,9798400714092,,acm_scraped_20250820_174903.bib
,,10.1145/3719290,UNMATCHED_ACM,0,0360-0300,,acm_scraped_20250820_174903.bib
,,10.1145/3637864,UNMATCHED_ACM,0,0001-0782,,acm_scraped_20250820_174903.bib
,,10.1145/3664824,UNMATCHED_ACM,0,,,acm_scraped_20250820_174903.bib
,,10.1145/3665348.3665410,UNMATCHED_ACM,0,9798400709562,,acm_scraped_20250820_174903.bib
,,10.1145/3665348.3665349,UNMATCHED_ACM,0,9798400709562,,acm_scraped_20250820_174903.bib
,,10.1145/3734921.3734925,UNMATCHED_ACM,0,9798400713460,,acm_scraped_20250820_174903.bib
,,10.1145/3725536.3725540,UNMATCHED_ACM,0,0163-5999,,acm_scraped_20250820_174903.bib
,,10.1145/3665348.3665406,UNMATCHED_ACM,0,9798400709562,,acm_scraped_20250820_174903.bib
,,10.1145/3665348.3665420,UNMATCHED_ACM,0,9798400709562,,acm_scraped_20250820_174903.bib
,,10.1145/3657604.3664640,UNMATCHED_ACM,0,9798400706332,,acm_scraped_20250820_174903.bib
,,10.1145/3665348.3665367,UNMATCHED_ACM,0,9798400709562,,acm_scraped_20250820_174903.bib
,,10.1145/3678263,UNMATCHED_ACM,0,,,acm_scraped_20250820_174903.bib
,,10.1145/3644815.3644982,UNMATCHED_ACM,0,9798400705915,,acm_scraped_20250820_174903.bib
,,10.1145/3734921.3734928,UNMATCHED_ACM,0,9798400713460,,acm_scraped_20250820_174903.bib
,,10.1145/3665348.3665373,UNMATCHED_ACM,0,9798400709562,,acm_scraped_20250820_174903.bib
,,10.1145/3665348.3665414,UNMATCHED_ACM,0,9798400709562,,acm_scraped_20250820_174903.bib
,,10.1145/3696630.3728718,UNMATCHED_ACM,0,9798400712760,,acm_scraped_20250820_174903.bib
,,10.1145/3655497.3655516,UNMATCHED_ACM,0,9798400709302,,acm_scraped_20250820_174903.bib
,,10.1145/3663433.3663435,UNMATCHED_ACM,0,9798400717222,,acm_scraped_20250820_174903.bib
,,10.1145/3605098.3636201,UNMATCHED_ACM,0,9798400702433,,acm_scraped_20250820_174903.bib
,,10.5555/3665464.3665476,UNMATCHED_ACM,0,1937-4771,,acm_scraped_20250820_174903.bib
,,10.1145/3665348.3665403,UNMATCHED_ACM,0,9798400709562,,acm_scraped_20250820_174903.bib
,,10.1145/3724389.3731270,UNMATCHED_ACM,0,9798400715693,,acm_scraped_20250820_174903.bib
,,10.1145/3728725.3728741,UNMATCHED_ACM,0,9798400713453,,acm_scraped_20250820_174903.bib
,,10.1145/3708319.3733806,UNMATCHED_ACM,0,9798400713996,,acm_scraped_20250820_174903.bib
,,10.1145/3665348.3665358,UNMATCHED_ACM,0,9798400709562,,acm_scraped_20250820_174903.bib
,,10.1145/3665348.3665371,UNMATCHED_ACM,0,9798400709562,,acm_scraped_20250820_174903.bib
,,10.1145/3716489.3728431,UNMATCHED_ACM,0,9798400714979,,acm_scraped_20250820_174903.bib
,,10.1145/3665348.3665377,UNMATCHED_ACM,0,9798400709562,,acm_scraped_20250820_174903.bib
,,10.1145/3665348.3665379,UNMATCHED_ACM,0,9798400709562,,acm_scraped_20250820_174903.bib
,,10.1145/3665348.3665417,UNMATCHED_ACM,0,9798400709562,,acm_scraped_20250820_174903.bib
,,10.1145/3734921.3734922,UNMATCHED_ACM,0,9798400713460,,acm_scraped_20250820_174903.bib
