Autor,Apariciones
"\""{O}berg, Lena-Maria",1
"A, Iyswariya",1
"A, Thiruneelakandan.",1
"A, Umamageswari.",1
"Abston, Kristie",1
"Aamir, Shayan",1
"Abhishek, S T",1
"Abu-Hijleh, Bassam",1
"AbuAlfateh, Maryam",1
"Abdel-Rahem, Rami A.",1
"Acosta, Kristine",1
"Adefisayo, Adenike Omolara",1
"Aburub, Faisal",1
"Abinandhana, C.",1
"Adithiyaa, A S",1
"Agarwal, Ram",1
"Adaikkammai, A.",1
"Agarwal, Sheetal",1
"Agrawal, Pratik",1
"Agliata, Antonio",1
"AL-Sa’di, Ahmed",1
"Ahmad, Esraa",1
"Ahmed, Iftekhar",1
"Agwan, Mohammad",1
"Ahmed, Vian",1
"Ajruli, Neshat",1
"Ahmad, Kashif",1
"Alateyyat, Salem",1
"Akter, Shifat Shima",1
"Al-Fuqaha, Ala",1
"Ahmed, Ahmed M.",1
"Al-Remawi, Mayyas",1
"Al-Tkhayneh, Khawlah M.",1
"Ahmed, Nesreen K.",1
"Alazzam, Malik Bader",1
"Alhasan, Moayad",1
"Alhilal, Ahmad",1
"Akbar, Fatema",1
"Ali, Mazen",1
"Ali, Md Liakat",1
"Aksoy, B.",1
"Alghazo, Mohannad",1
"Alipour, Mohammad Amin",1
"Alli, Adam A.",1
"Al-Emran, Mostafa",1
"Almadhoob, Ali Husain",1
"Alnoman, Ali",1
"Alam, Naved",1
"Alshibli, Mohammad",1
"Alouini, Mohamed-Slim",1
"Alrifai, Rad",1
"Alario-Hoyos, Carlos",1
"Alsewari, AbdulRahman A.",1
"Altun, Halis",1
"Aleisa, Nawwaf",1
"Andal, V",1
"Ames, Troy J.",1
"Amirian, Soheyla",1
"Aleti, Aldeida",1
"Amoozadeh, Matin",1
"Ankalaki, Shilpa",1
"Ali, Hadeel M.",1
"Anil, J.",1
"Annapureddy, Ravinithesh",1
"Antony, Safal",1
"Amorim, Jacqueline",1
Anurag,1
"Arabnia, Hamid R.",1
"Anandavel, V.",1
"Arumugam, Deepak",1
"Arastoopour Irgens, Golnaz",1
"Araya, Roberto",1
"Arik, Murat",1
"Arora, Payal",1
"Arun, Shreyas Setlur",1
Aryan,1
"Asra, Syeda",1
"Ashley, Dylan R.",1
"Atagyan, David A.",1
"Asadi, Fawad",1
"Atcheson, Alex",1
"Ayyash, Moussa",1
"Atmakuri, Aparna Rajesh",1
"Bandara, R.B.M.T.",1
"B\""{o}hm, Karsten",1
"Badawy, Wael",1
"Ayasrah, Firas Tayseer",1
"Badrinarayanan, M.K.",1
"Bahroun, Zied",1
"Ayemowa, Matthew O.",1
"Bano, Taranum",1
"Baikova, Irina A.",1
"Bajpai, Garima",1
"Babisha, A.",1
"Bandyopadhayay, Atri",1
"Barde, Kalpesh",1
"Bai, Bing",1
"Barnabie, Nia",1
"Barker, Helen",1
"Basha, Thippaluri Yahid",1
"Balakumar, A",1
"Beaton, Catherine",1
"Behravan, Majid",1
"Baldassarre, Maria Teresa",1
"Battle, Rick",1
"Bellamkonda, Sivaiah",1
"Bennett, Kristin C",1
"Baldeon-Calisto, Maria",1
"Berger, Christian",1
"Bewersdorff, Arne",1
"Ballal, Sanjana",1
"Bengesi, Staphord",1
"Bezabith, Tajebe",1
"Bhardwaj, Anjul",1
"Bandala, Argel A.",1
"Bhatt, Stuti",1
"Bhushan, Bharat",1
"Banerjee, Joideep",1
"Bhattacharya, Saurabh",1
"Bilgram, Volker",1
"Billiris, Grace",1
"Banyasz, Peter",1
"Bilmez, Yakuphan",1
"Biswas, Topojoy",1
"Bedruz, Rhen Anjerome R.",1
"Bhaumik, Amiya",1
"Blough, Neil V.",1
"Booth, Robbie",1
"Behboudi, Atefeh",1
"Borghesi, Francesca",1
"Bosser, Anne-Gwenn",1
"Benhaddou, Driss",1
"Bhoyar, Ketaki",1
"Buchatskaya, Viktorija V.",1
"Buchatskiy, Pavel Yu.",1
"Bhatnagar, Vivek",1
"Budhani, Sandeep Kumar",1
"Burger-Helmchen, Thierry",1
"Bhatt, Pankaj",1
"Biggio, Federico",1
"Burri, Srinivasa Rao",1
"Bykova, Elena V.",1
"Bird, Jordan J.",1
"Cabrero-Daniel, Beatriz",1
"Calo, Ryan",1
"Bottiglieri, Salvatore",1
"Blauth, Taís Fernanda",1
"Calvo, Albert",1
"Cao, Wei",1
"Bremers, Alexandra",1
"Cao, Yilu",1
"Carmody, Seán",1
"Bukar, Umar Ali",1
"Bohao, Pei",1
"Castillo, Karina Culebro",1
"Castillo-Segura, Pablo",1
"Buschek, Daniel",1
"Chaccour, Christina",1
"Chakraborty, Tanmoy",1
"Cabrera-Paniagua, Daniel",1
"Cai, Haipeng",1
"Chan, Anny",1
"Chan, Lester Chi Him",1
"Cai, Wentong",1
"Chan, Michael",1
"Charney, Max",1
"Cai, Yu",1
"Caivano, Danilo",1
"Chatzigeorgiou, Alexander",1
"Chaudhary, Jyoti",1
"Camci, H.",1
"Chaudhary, Srishti",1
"Chen, Biaoxin",1
"Cao, Hancheng",1
"Carvalko, Joseph R.",1
"Chen, Chuanzhang",1
"Chen, Duan",1
"Cao, Jian",1
"Chen, Fang",1
"Chen, Guanliang",1
"Cao, Qi",1
"Challagundla, Yagnesh",1
"Chen, Huimei",1
"Chen, Jianrui",1
"Capon, William",1
"Chen, Jingdao",1
"Chen, Liming",1
"Carayannis, Elias G.",1
"Chang, Can",1
"Chen, Ling",1
"Chen, Pei",1
"Cascarano, Pasquale",1
"Chen, Qiuyan",1
"Chen, Shu-Ching",1
"Celik, Abdulkadir",1
"Chang, Kuei-Chung",1
"Chen, Wenkai",1
"Chen, Xu",1
"Chai, Xiaolong",1
"Chen, Xuanchao",1
"Chen, Yiran",1
"Chakraborty, Prasun",1
"Chen, Chorng-Ming",1
"Chen, Zhaosheng",1
"Chen, Ziyu",1
"Chang, Maiga",1
"Cheng, Honghu",1
"Cheng, Qingjun",1
"Chau, Charlotte S. Y.",1
"Chen, Jiang",1
"Cheng, Xinyu",1
"Chi, Hyung-gun",1
"Chaudhary, Pranav Kumar",1
"Chi, Zhang",1
"Chilton, Lydia B",1
"Chauhan, Piyush",1
"Chen, Liang",1
"Chirico, Alice",1
"Cho, Sunghyun",1
"Chavan, Pravin",1
"Choi, Yongsun",1
"Chong, Mario",1
"Chen, Eason",1
"Chen, Qiang",1
"Chu, R.",1
"Ciaramella, Angelo",1
"Chen, Liuqing",1
"Coccoli, Mauro",1
"Concepcion, Ronnie S.",1
"Chen, Lizhu",1
"Chen, Stella",1
"Cong Thanh, Nguyen To",1
"Conti, Mauro",1
"Chen, Lu",1
"Cook, Ethan",1
"Cooper, Angelora",1
"Chen, Mingang",1
"Cheng, Xiao",1
"Cooreman, Hayden",1
"Corona, Diego Octavio Ibarra",1
"Cheng, Yunli",1
"Cruz, Mario",1
"Cruz, Mário",1
"Chi, Seunggeun",1
"Chovanec, Martin",1
"Csiszar, Akos",1
"Csordás, Róbert",1
"Chinh Nguyet, Dinh Thi",1
"Cubillos, Claudio",1
"Cui, Jiale",1
"Chiu, Steve",1
"Clark, Bryan",1
"Cui, Yingwei",1
"Cui, Yujia",1
"Christoforou, Evgenia",1
"Cui, Zhitong",1
"Cumarasurier, Shantosh",1
"Chugh, Bharti",1
"Corona, Mauricio Arturo Ibarra",1
"Czerwonka, Ma\l{}gorzata",1
"D, Akash",1
"Cian, Luca",1
"D\'{\i}az, Paloma",1
"Dadios, Elmer P.",1
"Clarencia, Eryka",1
"Culaba, Alvin B.",1
"Dagienė, Valentina",1
"Dai, Zhicheng",1
"Colter, Jamison",1
"Damiani, A.",1
"Danial, Muhammad Fakhri",1
"Conde, Javier",1
"Dai, Guofeng",1
"Das, Asim Bikas",1
"Datta, Soma",1
"Cuervo-Rosillo, Roberto",1
"de Haan, Zsofi",1
"de la Torre, Alejandra",1
"Dadhich, Manish",1
"De Leo, Mariagrazia",1
"De Luca, Ernesto William",1
"Denny, Paul",1
"Daniels, David",1
"Derr, Tyler",1
"Desai, Aashaka",1
"Dembele, Severin",1
"Demartini, Gianluca",1
"Desai, Karishma",1
"Deshpande, Amruta",1
"Deng, Dapeng",1
"Dev, Antora",1
"Dhanasekaran, S.",1
"Deshpande, Mihir",1
"Deng, Ming",1
"Dharamshi, Ravindra R",1
"Dhavala, Shiva S.",1
"Destan, Zeynep",1
"Dhruv, Ajay",1
"Dhruv, Akash",1
"Dhelim, Sahraoui",1
"Deng, Qingyou",1
"Di Caro, Luigi",1
"Diallo, Mamadou Yero",1
"Ding, Lu",1
"Dimitrievikj, Aleksandar",1
"Ding, Wenwen",1
"Ding, Yuxin",1
"Dhondiyal, Shiv Ashish",1
"Djemame, Karim",1
"do Amaral, Inês",1
"Du, Yan",1
"Dogan, Gulustan",1
"Dohler, Mischa",1
"Duan, Li",1
"Doh, Hyungjun",1
"Dolgopolovas, Vladimiras",1
"Dong, Bin",1
"Dubey, Anshu",1
"Dong, Wei",1
"Dou, Huan-xin",1
"Dwivedi, Rahul",1
"Du, Yao",1
"Downey, John",1
"Duan, Yunjie",1
"Ek, Jackeline Iturbe",1
"Dumitrescu, Roman",1
"Dwivedi, Karnika",1
"El Ali, Abdallah",1
"Duah, James Ewert",1
"Díaz, José Alejandro Vargas",1
"Edwards, Joshua",1
"Elbachari, Essaid",1
"Ehret, Dana",1
"Ekbote, Tejas",1
"Fan, Yizhou",1
"Dutt, Vishal",1
"El Bassim, Hafsa",1
"El Gourari, Abdelali",1
"Fang, Qiang",1
"El Hassouni, Mahmoud",1
"El-Hassan, Ammar",1
"Fang, Zheng",1
"Eddine Benatia, Mohamed Jamal",1
"El-Sayed, Hoda",1
"English, Rosanne",1
"Farana, Radim",1
"Etagi, Khushi",1
"Eyeson-Annan, Ebenezer",1
"Fassone, Riccardo",1
"El-Metwally, Shereen M.",1
"Fagan, Andrew",1
"Falkowski, Tommy",1
"Fatima, Hoor",1
"Fan, Hang",1
"Fan, Zhao",1
"Feng, Wenyan",1
"Elluri, Lavanya",1
"Fang, Wenjie",1
"Farag, Hany E. Z.",1
"Feng, Zuying",1
"Fatimah Abdul Razak, Siti",1
"Fegade, Atul",1
"Fierro, Gabe",1
"Eltawil, Ahmed M.",1
"Feng, Qinna",1
"Feng, Tony Haoran",1
"Finn, Olivia Ostrom",1
"Fernández Nieto, Berenice",1
"Fernández-Panadero, Carmen",1
"Fornaroli, Alessandro",1
"Espinosa, Alejandro",1
"Festa, Fabrizio",1
"Filcik, Daniel",1
"Fouad, Fadoua",1
"Fiorelli, Manuel",1
"Formosa, Paul",1
"Gao, Mengxiao",1
"Eylence, M.",1
"Fottner, J.",1
"Fouda, Mostafa M.",1
"Garg, Ryan",1
"Fradkin, Andrey",1
"Freeman, Laura",1
"Gavra, Dmitry P.",1
"Faccio, Francesco",1
"Fu, Lidan",1
"Gadbail, Harshraj N.",1
"Gawande, Mayur",1
"Gan, Zihui",1
"Ganguly, Subroto",1
"Geng, Xueli",1
"Fan, Deng-Ping",1
"Gao, Di Kevin",1
"Gao, Guanghui",1
"Gerardini, Katusha",1
"Gao, Jiahui",1
"Gapinski, Bartosz",1
"Glazko, Kate S",1
"Felten, Ed",1
"Garizurieta Bernabe, Jessica",1
"Gasevic, Dragan",1
"Golda, Abenezer",1
"Gatica-Perez, Daniel",1
"Gaur, Aanchal",1
"Goodfellow, Martin",1
"Fernandez Nieto, Berenice",1
"Gazca Herrera, Luis A.",1
"Gazda, Juraj",1
"Gopalakrishnan, Anand",1
"Ghanem, Bernard",1
"Gharpure, Adwait",1
"Gouveia, Teresa",1
"Fourati, Fares",1
"Gigante, Domenico",1
"Gill, Asif",1
"Gracanin, Denis",1
"Giuste, Felipe",1
"Glavan, Mary",1
"Guan, Naiqing",1
"Gabriska, D.",1
"Gligorijevic, Djordje",1
"Gokhale, Vedant",1
"Gui, D.",1
"González de Miguel, Ana M.",1
"Gopal, Santhosh Kumar",1
"Guijarro, Jordi",1
"Gaggioli, Andrea",1
"Goyal, Sujal",1
"Grisak, Alexander",1
"Guillen, Rebekah",1
"Grohmann, Rafael",1
"Gstrein, Oskar Josef",1
"Gulhane, Monali",1
"Gao, Ming",1
"Gu, Yayun",1
"Guan, Sangtian",1
"Gunturu, Vijaya",1
"Guerrieri, Antonio",1
"Guida, Ciro",1
"Guo, Shuchen",1
"Gao, Yizhu",1
"Gujar, Praveen",1
"Gundewar, Swapnil",1
"Guo, Xing",1
"Guo, Kaifeng",1
"Guo, Lele",1
"Guo, Zhichun",1
"Georgopoulou, Maria Sofia",1
"Guo, Ningnan",1
"Guo, Rui",1
"Gupta, Mridula",1
"Guo, Shaoyi",1
"Guo, Yining",1
"Gupta, Rupal",1
"Geyer, Werner",1
"Gupta, Srishti",1
"Gupte, Mitali",1
"Güler, Muhammed",1
"Guzman, Andrea",1
"Göztepeli, Gürkan",1
"Güney, Nazlı",1
"González, María Sánchez",1
"H, Abhishek",1
"H\""{a}m\""{a}l\""{a}inen, Raija",1
"Hadi Mogavi, Reza",1
"Hadi, Wael",1
"Hahn, Alexander",1
"Hafeez, Maryam",1
"Gore, Aayush",1
"Hajahmadi, Shirin",1
"Halappanavar, Mahantesh",1
"Hafizah, Noor",1
"Hallinan, Michael",1
"Hamdi, Abdullah",1
"Hagos, Desta Haileselassie",1
"Guizani, Mohsen",1
"Hammoud, Hasan Abed Al Kader",1
"Han, Haoyu",1
"Han, Fengwu",1
"Han, Jaeyoung",1
"Han, Linjie",1
"Han, Junwei",1
"Gunawan, Stephanus Steven",1
"Han, Xiaonan",1
"Han, Xiaotian",1
"Haverly, Andrew",1
"Han, Yuqi",1
"Hang, Xinyu",1
"Hern\'{a}ndez, Jos\'{e} Alberto",1
"Guo, Ao",1
"Harak, Nikita",1
"Harbour, Steven",1
"Herrmann, Vincent",1
"Harshitha, Gudavalli",1
"Hart, Ahren",1
"Hilton, Michael",1
"Gupta, Sachin",1
"Hatamleh, Mohammad",1
"He, Jiacheng",1
"Ho, Chee Kit",1
"He, Musheng",1
"He, Pei",1
"Houkpati, Yao",1
"Gupta, Sanjai",1
"He, Pinjia",1
"He, Xiaojuan",1
"Hsu, Hui-Huang",1
"He, Xiaomei",1
"Henderson, Alex",1
"Hu, Xing",1
"Gurung, Ashish",1
"Hickie, Ian B",1
"Hou, Biao",1
"Hu, Zhenhua",1
"Hou, Cong",1
"Hou, Youyang",1
"Huang, Yung-Yu",1
"Han, Yunbing",1
"Hsiao, Ming-Yu",1
"Hu, Bingfu",1
"Huseini, Krenar",1
"Hu, Haizhou",1
"Hu, Jin",1
"Iliuță, Miruna – Elena",1
"Haque, Benazeer",1
"Hu, Jun",1
"Hu, Shiming",1
"Immanuel, Jonathan Hans",1
"Hu, Wenjing",1
"Hu, Xinrong",1
"Ipung, Heru Purnomo",1
"Hassija, Vikas",1
"Hua, Zixun",1
"Huang, Echo",1
"Isgut, Monica",1
"Huang, Shixin",1
"Huang, Wen",1
"Ismail, M.",1
"He, Changyu",1
"Huang, Yen-Chen",1
"Hui, Pan",1
"Iturbe, Eider",1
"Huihui, Gao",1
"Hukkeri, Geetabai S",1
"Jadhav, Akanksha",1
"He, Pengyang",1
"Hurbans, Rishal",1
"Hussain, Muhammad",1
"Jalit, Rugved",1
"Ibrahim, Roliana",1
"Iljazi, Aqim",1
"Jamil, Tariq",1
"Ho, Chia-Ling",1
"Iorfino, Frank",1
"Irungu, John",1
"Jan, Tony",1
"Islam Mozumder, Md Ariful",1
"Ivanitskiy, Michael",1
"Janani, M",1
"Huang, Rong",1
"Iyer, Nisha Ramesh",1
"Jabarah, Tamim Ahmed",1
"Javali, Abhishek",1
"Jacknis, Norman",1
"Jacks Gamble, Keith",1
"Jiang, Congfeng",1
"Huang, Weiming",1
"Jadhav, Ranjana",1
"Jain, Alok",1
"Jiang, Zhaoqu",1
"Jain, Anika",1
"Jain, Rahul",1
"Jiao, Yabei",1
"Ibrahim, Mona Kamal",1
"Jain, Veenus",1
"Jain, Vijal",1
"Jide-Jegede, Mofeoluwa",1
"Jamil Kayani, Aeyaz",1
"Jaswal, Rohit",1
"Jin, Ying",1
"Iqbal, Waleed",1
"Jayapandian, N.",1
"Jayaraj, Lionel",1
"Jing, Yanguo",1
"Jeena, Bhawana",1
"Jenifa, G.",1
"Joosten, Jan",1
"Irie, Kazuki",1
"Jha, Mahesh K.",1
"Ji, Tong",1
"K, Padmapriya.",1
"Ji, Xuanhao",1
"Jiang, Guilin",1
"Kamble, Avadhoot V.",1
"Jabade, Vaishali",1
"Jiang, Ruishuang",1
"Jiang, Yuchuan",1
"Kandpal, Vinay",1
"Jin, Guangri",1
"Jin, Qun",1
"Kannan, Vishnu",1
"Jaitly, Divya",1
"Jing, Xiuli",1
"John, Deepu",1
"Karuparti, Anurag",1
"Joshi, Deepak Chandra",1
"Joshi, Deepali",1
"Kaul, Natashaa",1
"Jamal, Naser",1
"Joshi, Mukesh",1
"Joshi, Omkar",1
"Kaur, Darshan",1
"Joskowicz, Jose",1
"Ju, Wendy",1
"Ke, Danying",1
"Ji, Deqiang",1
"Junio, Dylyn A.",1
"K\""{a}rkk\""{a}inen, Tommi",1
"Keightley, Emily",1
"Kakde, Vinodkumar",1
"Kale, J.N.",1
"Kim, Hee-Cheol",1
"Jian, Xiao",1
"Kalyani, Barma",1
"Kamaruddin, Saslina",1
"Kim, Yushin",1
"Karahalios, Karrie",1
"Karan, Furkan",1
"Klymash, Mykhailo",1
"Jiang, Yuzhong",1
"Karapantelakis, Athanasios",1
"Karche, Avishkar S.",1
"Klymenko, Mykyta",1
"Karne, Niharika",1
"Karthika, K.",1
"Kollar, Jack",1
"Jiao, Licheng",1
"Kasadha, Juma",1
"Kashyap, Bhanuraj",1
"Korpeoglu, Evren",1
"Kaur, Mansirat",1
"Kaur, Saranjeet",1
"Kovari, Attila",1
"Jin, Ziwen",1
"Ke, Yu-Chia",1
"Kedari, Sumedh S.",1
"Krafka, Sarah",1
"Khan, Muhammad Murad",1
"Khan, Omar",1
"Krolczyk, Grzegorz",1
"Jing, Yuhui",1
"Khan, Rafiq Ahmad",1
"Khanal, Shaleen",1
"Ku, Cyril S.",1
"Khosravi, Hassan",1
"Kim, Pyoung Won",1
"Kulkarni, Sushrut",1
"Joshua, R Immanuel",1
"Kim, Se Jin",1
"Kim, Seongeun",1
"Kumar Vishwakarma, Anish",1
"Kim, Sngon",1
"Kirova, Vassilka D.",1
"Kumar, G. Kishor",1
"Judgi, T.",1
"Kirsch, Louis",1
"Klimeš, Cyril",1
"Kumar, Sandeep",1
"Koedinger, Kenneth R.",1
"Koh, Yit Yan",1
"Kwak, Jaeyoung",1
"Jung, Myung Won Raymond",1
"Kok, Chiang Liang",1
"Kong, Siu-Cheung",1
"Lam, Hoi Yan",1
"Krishan, Radhe",1
"Krishnan, Sivalingan",1
"Lambert, Alasdair",1
"Katona, Jozsef",1
"Krouska, Akrivi",1
"Kshetri, Nir",1
"Latif, Ehsan",1
"Kucharski, Dawid",1
Kuldeep,1
"Lavista Ferres, Juan M.",1
"Ke, Deping",1
"Kulkarni, Parth Atul",1
"Kumar Lilhore, Umesh",1
"Le Dinh, Thang",1
"Kumar, Aayush",1
"Kumar, Alok",1
"Li, Chenglu",1
"Khanna, Vandana",1
"Kumar, R. Ganesh",1
"Kumar, Rishikesh",1
"Li, Feng",1
"Kumar, Sumit",1
"Kumar, Suneet",1
"Li, Guohao",1
"Kinnison, Matthew",1
"Lacoche, Jérémy",1
"Lahcen, Yassine Ait",1
"Li, Jiayi",1
"Lakshmi, G. Prasanna",1
"LaMonica, Haley M",1
"Li, Juanjuan",1
"Kloos, Carlos Delgado",1
"Lang, Yuanhua",1
"Langote, Meher",1
"Li, Ke",1
"Laracy, Joseph R.",1
"Lauren, Paula",1
"Li, Lu",1
"Kolasani, Saydulu",1
"Lee, Gyeonggeon",1
"Lee, Sejong",1
"Li, Mei",1
"Lee, Sian",1
"Lees, Michael H.",1
"Li, Mingjuan",1
"Krishnan, Komathy Vanitha",1
"Lei, Lei",1
"Leong, Wai San",1
"Li, Shanshan",1
"Lewis, Makayla",1
"Li, Biao",1
"Li, Shijian",1
"Kumar, Keshaw",1
"Li, Bing",1
"Li, Bingjun",1
"Li, Wei",1
"Li, Bo",1
"Li, Changjin",1
"Li, Wenhao",1
"Labib, Wafa Abdelmajeed",1
"Li, Chen",1
"Li, Hai",1
"Li, Wujie",1
"Li, Hongying",1
"Li, Jian",1
"Li, Xingjiao",1
"Latha, M.",1
"Li, Jianrong",1
"Li, Jiarui",1
"Li, Xuefan",1
"Li, Jiateng",1
"Li, Jie",1
"Li, Yan",1
"Le, Tran Duc",1
"Li, Jingchao",1
"Li, Jingjie",1
"Li, Yifan",1
"Li, Kam Cheong",1
"Li, Liangya",1
"Li, Yong",1
"Lee, Dongwon",1
"Li, Na",1
"Li, Rui",1
"Li, Yutong",1
"Li, Tingsong",1
"Li, Tongguang",1
"Li, Yuwen",1
"Leong, Yuan Zhi",1
"Li, Wenqing",1
"Li, Xiake",1
"Li, Zhi-Fang",1
"Li, Xiujun",1
"Li, Xiyan",1
"Liang, Zheng",1
"Li, Jia",1
"Li, Yanhong",1
"Li, Ying",1
"Liao, Guangheng",1
"Li, Yuanhao",1
"Li, Yuanmeng",1
"Lim, S. C. Johnson",1
"Li, Kangkang",1
"Liang, Naifeng",1
"Liang, Sha",1
"Lin, Haofa",1
"Liang, Zhou",1
"Liang, Zhuo",1
"Lin, Yifeng",1
"Li, Lingbing",1
"Liao, Ning",1
"Lien, Pham Thi Mai",1
"Liu, Chao",1
"Liew, Kongmeng",1
"Lin, Haichuan",1
"Liu, Dengjin",1
"Li, Xinyu",1
"Lin, Hongyu",1
"Lin, I-Long",1
"Liu, Gang",1
"Lin, Jiayu",1
"Lin, Jionghao",1
"Liu, Hailin",1
"Li, Yuhang",1
"Lin, Min",1
"Lin, Wenbin",1
"Liu, Haozhe",1
"Lin, Yi",1
"Lin, Ying",1
"Liu, Jiaqi",1
"Liang, Bohan",1
"Lin, Yuan",1
"Liu, Baiqiang",1
"Liu, Rongrong",1
"Liu, Baoshui",1
"Liu, Chengfeng",1
"Liu, Shitou",1
"Liang, Zhenjie",1
"Liu, Chunhong",1
"Liu, Dunnan",1
"Liu, Tianming",1
"Liu, Fang",1
"Liu, Hui",1
"Liu, Wei",1
"Lin, Laura",1
"Liu, Meilan",1
"Liu, Mingxing",1
"Lizhi, Liu",1
"Liu, Peiyan",1
"Liu, Qiuye",1
"Lopez-Rincon, Omar",1
"Lin, Xin",1
"Liu, Shuming",1
"Liu, Xin-Ying",1
"Lotfi, Ahmad",1
"Liu, Xu",1
"Liu, Yang",1
"Lu, Binchun",1
"Litvin, Andrey",1
"Liu, Yingying",1
"Liu, Yu",1
"Lu, Haoyu",1
"Liu, Zhengliang",1
"Liut, Michael",1
"Luo, Bin",1
"Liu, Alex Zihuan Cui",1
"Lo, Ming-Ching",1
"Longoni, Chiara",1
"Lutz, Theo",1
"Lu, Xin",1
"Lu, Ye",1
"Luxton-Reilly, Andrew",1
"Liu, Fanhua",1
"Lu, Yiyang",1
"Luntovskyy, Andriy",1
"Lv, Hang",1
"Luo, Chuangli",1
"Luo, Shijian",1
"Ma, Wenping",1
"Liu, Jiangfeng",1
"Ma, Chunhao",1
"Ma, Jianhua",1
"Ma, Xiaoqian",1
"Ma, Mengru",1
"Ma, Qianqian",1
"Ma, Xiujuan",1
"Liu, Mengmeng",1
"Ma, Xueliang",1
"Ma, Zeyu",1
"Mack, Kelly Avery",1
"Ma, Zhenpeng",1
"Maeda, John",1
"Magombe, Yasin",1
"Liu, Xiaoyi",1
"Magalini, S.",1
"Maguire, Joseph",1
"Maksymyuk, Taras",1
"Maher, Mary Lou",1
"Mai, Gengchen",1
"Martínez, Verónica López",1
"Liu, Xuan",1
"Mai, Jinjie",1
"Mane, Mansi Ranjit",1
"Maťašová, Sylvia",1
"Manikandan, M.",1
"Manish, A S",1
"McKay, John R.",1
"Lopez-Lira, Alejandro",1
"Mankoff, Jennifer",1
"Maran, K.",1
Meenakshi,1
"Mariacarmen, Sorrentino",1
"Marlowe, Thomas J.",1
"Mehan, Asma",1
"Luo, Meizhen",1
"Martinez-Maldonado, Roberto",1
"Martín, Gerardo Ayala-San",1
"Memarsadeghi, Nargess",1
"Maru, Krupa A.",1
Marvin,1
"Memeti, Agon",1
"Lv, Pan",1
"Masud, Sarah",1
"Matulewski, Jacek",1
"Mendonça, Jorge M.P.",1
"Matviienko, Andrii",1
"McGivern, Paul",1
"Meng, Dezhi",1
"Lwembawo, Ibrahim",1
"Mehta, Amita V.",1
"Mekonen, Kidus",1
"Meng, Tianyu",1
"Melegati, Jorge",1
"Mellado, Rafael",1
"Mengya, Liu",1
"Lyons, Kayley",1
"Mendonca, Jorge M.P.",1
"Meng, Suying",1
"Messaadia, Mourad",1
"Mi, Chunqiao",1
"Mi, Jianxun",1
"Mi, Zejia",1
"Mao, Siying",1
"Miao, Miao",1
"Mihalev, Georgi",1
"Miao, Long",1
"Mirindi, Frederic",1
"Mishel, P. F.",1
"Miceli, Claudio",1
"Mart\'{\i}nez, Gonzalo",1
"Mishra, Punit Kumar",1
"Mishra, Rajiv",1
"Mirindi, Derrick",1
"Mishra, Ritesh Kumar",1
"Misra, Vijay Prakash",1
"Mishra, Sunil Kumar",1
"Martignano, M.",1
"Mittal, Amit",1
"Mnea, Aysha",1
"Mohamad, Ani Munirah",1
"Mohamad, Syamsul Nor Azlan",1
"Mohammed Abass Hamza, Mona",1
"Mohammad, Atif Farid",1
"Matthews, Suzanne J.",1
Mohana,1
"Mohanan, Pallavi",1
"Mohammed, Abdul Sajid",1
"Mohd Saufi, Nadia Nabila",1
"Moin, Mohamad Shahram",1
"Mokryn, Osnat",1
"McDonnell, Shannon M.",1
"Moisescu, Mihnea – Alexandru",1
"Monahan, Kelly",1
"Moni, Vidya",1
"Montezuma, Julio Ricardo Martinez",1
"Morais, Nídia Salomé",1
"Moradhasel, Niloofar",1
"Misuraca, Gianluca",1
"Moreno, Verónica",1
"Mostafavi, Sina",1
"Morano-Okuno, H. R.",1
"Mulongo, Ndala Yves",1
"Mushtaq, Arif",1
"Mu, Guoliang",1
"Mittal, Sudip",1
"N, Shamanth",1
"Nahar, Mahjabin",1
"Murphy, Timothy",1
"Nalini, P.",1
"Nam, Daye",1
"Muñoz-Mandujano, Martín",1
"Mughal, Shafaq Fatima",1
"Nardone, Carroll Ferguson",1
"Naren, Tarun",1
"Myers, Risa B.",1
"Narkhede, Vaishnavi",1
"Naruka, Mahaveer Singh",1
"Naira, Mkrtchyan",1
"Naik, Ganesh R.",1
"Nath, Debarshi",1
"Neill, Eron",1
"Natale, Simone",1
"Nemade, Milind",1
"Nezami, Zeinab",1
"Ng, Alex",1
"Nardo, Emanuel Di",1
"Neziri, Ibrahim",1
"Nguyen, Chan Nam",1
"Ning, Zhaole",1
"Ni, Li",1
"Niazi, Mahmood",1
"Nour, Samar M.",1
"Ng, Hilary Ka Yan",1
"Nimma, Divya",1
"Ning, Huansheng",1
"Olowoselu, Abdulrasheed",1
"Nucciarelli, L.",1
"Nyaaba, Matthew",1
"Omair Khan, Mohammad",1
"Nilsook, Prachyanun",1
"Obia, Vincent",1
"Oladunni, Timothy",1
"Omran Almagrabi, Alaa",1
"Oliva, Ignasi",1
"Ongowarsito, Henkie",1
"Onishchenko, Stefan V.",1
"Ning, Huichun",1
"Orlando Corredor, Fabián",1
"Osorio, Angie Viviana",1
"Oppermann, Ian",1
"Otterbacher, Jahna",1
"Ouyang, Jun",1
"Ortiz, Nil",1
"Nuhi, Asri",1
"O’Reilly, Jamie A.",1
"P, Priyanga",1
"Pan, Qianqian",1
"P, Sevanthi",1
"Padhye, Rohan",1
"Panagoulias, Dimitrios",1
"Omotesho, Tomiwa",1
"Pajola, Luca",1
"Palakurti, Naga Ramesh",1
"Pandi, V. Samuthira",1
"Pallavi, M.",1
"Panagoulias, Dimitrios P.",1
"Pangavhane, Shreyas",1
"Ots, Karl",1
"Pandey, Amit",1
"Pang, Quanhao",1
"Panjabi, Richa",1
"Pappa, M.",1
"Pardo, Theresa A.",1
"Panyam, Sriram",1
"Paliwal, Gunjan",1
"Pariane, Prasad",1
"Pascua, Athena Rosz Ann R.",1
"Paolanti, Marina",1
"Patankar, Nikhil S.",1
"Patil, Suvarna",1
"Park, Eunil",1
"Pinto, Tiago",1
"Pavlova, Yoana",1
"Pawar, Vilis",1
"Park, Hyeseong",1
"Pawlus, Pawel",1
"Peng, Huimin",1
"Patanè, Gabriella",1
"Potluri, Venkatesh",1
"Peng, Minpeng",1
"Peng, Xian",1
"Patil, Deepti",1
"Pennycook, Gordon",1
"Petrik, Dimitri",1
"Pei, Lei",1
"Poulsen, Adam",1
"Pezz\`{e}, Mauro",1
"Pilaniwala, Pankaj",1
"Perez, Christopher",1
"Pilato, Antonio",1
"Pinto, Carla M.A.",1
"Pi, Wei",1
"Prasad, S. Guru",1
"Pop, Eugen",1
"Poshyvanyk, Denys",1
"Piankarnka, Vipusit",1
"Praveenadevi, D.",1
"Preethi, P.",1
"Picca, Davide",1
"Przybyła-Kasperek, Małgorzata",1
"Pribilova, K.",1
"Priyadarshi, Rahul",1
"Pinto, Carla M.A",1
"Priyadarshini, P.",1
"Putjorn, Pruet",1
"Pippal, Sanjeev Kumar",1
"Pyykkönen, Matti",1
"Putjorn, Tat",1
"Qadir, Junaid",1
"Piękos, Piotr",1
"Qian, Hanhan",1
"Qian, Li",1
"Pozzi, Andrea",1
"Qi, Ji",1
"Qian, Zhengzhen",1
"Qiang, Yu",1
"Pradeep, K.R",1
"Qiao, Ji",1
"Qin, Jiale",1
"Praveena, S.",1
"Qin, Rui",1
"Qin, Yiran",1
"Qiu, Junqiao",1
"Pricope, Narcisa",1
"Qiu, Yu-Wei",1
"Qu, Chenfei",1
"Qi, Hui",1
"Raktate, Gokul",1
"Queiros, Ricardo",1
"Quinn, Alexander J.",1
"Qi, Wenqian",1
"Ragavan, Sruti Srinivasa",1
"Rahi, Baninder",1
"Qi, Yuanyi",1
"Ramesh, Aditya A.",1
"Rai, Arun Kumar",1
"Raj, Ayush",1
"Qin, Donghong",1
"Raj, Manav",1
"Rakesh, Nitin",1
"Qu, Ting",1
"Ran, Xiaoping",1
"Rakhmonov, Sanjarbek",1
"Rakovi\'{c}, Mladen",1
"Qu, Xiaodong",1
"Ramagundam, Shashishekhar",1
"Raman, Usha",1
"Quanwang, Lin",1
"Ren, Zhiyang",1
"Ramesh, J V Naga",1
"Ramirez Osorio, Valeria",1
"Queirós, Ricardo",1
"Rani, Ruchi",1
"Ranjan, Harsh",1
"R, Kaviyaraj",1
"Revathy, S.",1
"Ranjan, Rakesh",1
"Rao, Jian",1
"Radwan, Jalal",1
"Raposo, Rui",1
"Rapp, Amon",1
"Ragavan, V.",1
"Riaz, Sadia",1
"Rasheed, S.",1
"Rawat, Danda B.",1
"Ragone, Azzurra",1
"Raymond, Biju Fastino",1
"Redwing, Carol",1
"Rahman, Sharfi",1
"Routray, Sudhir K.",1
"Reis, Arsénio",1
"Ren, Wenxuan",1
"Rajeshwari, S.",1
"Ren, Yu",1
"Reviriego, Pedro",1
"Ramani, Karthik",1
"Saar, Julian",1
"Rico, Sergio",1
"Rinard, Martin",1
"Ramu, M.",1
"Rios, Erkuden",1
"Rizvi, Nomaan",1
"Rasheed, Khaled",1
"Sandoval-Benitez, G.",1
"Robles, Laura Eugenia Romero",1
"Rodrigues, Joel J. P. C.",1
"Rastgar, Omar Ali",1
"Rong, Jiang",1
"Rosunally, Yasmine Z.",1
"Raut, Rajesh",1
"Savvides, Marios",1
"Roy, B",1
"Roy, Dharmendra Kumar",1
"Reitz, Timothy",1
"Roy, Spandan",1
"Rusnáková, Renáta",1
"Ricaurte, Paola",1
"Sayadi, Mohammad Kazem",1
"S, Amrutha",1
"Saddi, Venkata Ramana",1
"Robert, John",1
"Sai, Revant",1
"Sako, Mari",1
"Ronanki, Krishna",1
"Sayeed, Md. Shohel",1
"Salatino, Giuseppe",1
"Saleh, Akbar Sayed Kadhem",1
"Rosales, Milvia",1
"Salhab, Reham",1
"Salim, Vincent",1
"Ruan, Xunmiao",1
"Selamat, Hayyum Suleikha",1
"Salman, Amany",1
"Salminen, Carita",1
"Rumovskaya, Sophiya",1
"Salvach\'{u}a, Joaqu\'{\i}n",1
"Sang, Yijing",1
"Saha, Sayantika",1
"Sha, Ying",1
"Santos, Patricia",1
"Sarasa-Cabezuelo, Antonio",1
"Sahana, N",1
"Saravanan, V.",1
"Sarcinella, Eleonora Diletta",1
"Sahebi, Siavosh",1
"Sharma, Nishant",1
"Sarferaz, Siar",1
"Sarker, MD Kamruzzaman",1
"Sahoo, Jayakrushna",1
"Sasikala, G.",1
"Sayın, H.",1
"Sai, Naolamu",1
"Sharma, Poonam",1
"Sağlam, Mehmet İzzet",1
"Schlag, Imanol",1
"Sai, Siva",1
"Schmidhuber, Jürgen",1
"Schollaert Uz, Stephanie",1
"Sailaja, Dheram",1
"Shen, Huoming",1
"Scott, Elizabeth M",1
"Seamans, Rob",1
"Salem, Fadi",1
"Selvi, V.",1
"Seow, Chee Kiat",1
"Salman, O. K. M.",1
"Shomer, Harry",1
"Set\""{a}l\""{a}, Mika",1
"Shah, Chirag",1
"Salminen, Vesa",1
"Shah, Priten",1
"Shahrasbi, Behzed",1
"Saltan, Andrey",1
"Shu, Xin",1
"Shakir, Muhammad Zeeshan",1
"Shan, Qiang",1
"Sandeep, Yelisetti",1
"Shao, Weiheng",1
"Sharma, Sachin",1
"Sarpate, Dikshendra D.",1
"Sidenko, Ievgen",1
"Sharmila, K P",1
"Sharmila, V. Ceronmani",1
"Senthilnanthan, C.R.",1
"Shelar, Krishna",1
"Shen, Qianwen",1
"Sgouropoulou, Cleo",1
"Sikstr\""{o}m, Pieta",1
"Sherwood, Joshua",1
"Shi, Feifei",1
"Shah, Nusrat Hamid",1
"Shi, Gang",1
"Shi, Jingyu",1
"Shan, Ping",1
"Sinkhonde, David",1
"Shi, Lehong",1
"Shi, Weimin",1
"Shang, Hexu",1
"Shi, Xiaojing",1
"Shi, Zian",1
"Shao, Wenjuan",1
"Sohan, Vanessa Kraemer",1
"Shiekh, Kylee",1
"Shiming, Ma",1
"Shariff, Daanish Mohammed",1
"Shrivastav, Harsh",1
"Si, Nian",1
"Sharma, Adya",1
"Solanki, Harsh",1
"Siam, Md Kamrul",1
"Siddiqui, Ebtasam Ahmad",1
"Sharma, Lakshay",1
"Sidiqqi, Shuaib",1
"Sihan, Sun",1
"Shen, Jialu",1
"Srivastava, Subodh",1
"Sikdar, Biplab",1
"Silberg, Owen",1
"Shende, Sahil",1
"Singh Rathore, Rajkumar",1
"Singh, Charanjeet",1
"Shevchenko, Anatolii",1
"Strawn, George",1
"Singh, Davinder",1
"Singh, Monika",1
"Shevchenko, Anatoliy",1
"Singh, Paul",1
"Singh, Sakshi",1
"Shi, Jingjing",1
"Sun, Di",1
"Singh, Ujjwal Kr.",1
"Singh, Vikas",1
"Shi, Wenpeng",1
"Slomovitz, Daniel",1
"Slyusar, Vadym",1
"Shi, Wenqi",1
"Szadeczky, Tamas",1
"Smith, Brad",1
"Smith, Christie",1
"Shi, Yingnan",1
"Smyrnova-Trybulska, Eugenia",1
"Sniatala, Pawel",1
"Shi, Yuxuan",1
"Sörös, Gábor",1
"Soltan, Mohamed",1
"Song, Fanhua",1
"Siemann, Brian",1
"Song, Ningning",1
"Song, Zhenlin",1
"Sikorski, \L{}ukasz",1
"Tan, Chang",1
"Sowa, Konrad",1
"Sreekala, S. P.",1
"Simion, Bogdan",1
"Srivastava, Vivek",1
"Starostenko, Oleg",1
"Singh, Anushka",1
"Tang, Mei",1
"Steininger, S.",1
"Stellato, Armando",1
"Sinha, Utkarsh",1
"Stone, Irene",1
"Stulov, Alexey",1
"Skalka, Ján",1
"Tang, Pengchun",1
"Su, Qun",1
"Subramaniam, Valarmathi",1
"Slavov, Vladislav",1
"Suleiman Al Qatawneh, Ibrahim",1
"Sumich, Alexander",1
"Smith, C. Estelle",1
"Tao, Sining",1
"Summers, Sean",1
"Sun, Hanwen",1
"Sneesl, Radhwan",1
"Sun, Kun",1
"Sun, Yulin",1
"Snitko, Irina",1
"Tariq, Umnia",1
"Surushe, Om",1
"Sutedja, Indrajani",1
"Sobiesk, Edward",1
"Suvethaa, D.R.",1
"Swetha, Ch.",1
"Soewandi, Erickar Jeffry",1
"Tewari, Naveen",1
"Syed, Ayesha Asif",1
"Sánchez, Gabriela Pacheco",1
"Srivastava, Sidharth",1
"T R, Sagar",1
"Taeihagh, Araz",1
"Stanescu, Ana",1
"Thirumalaiyammal, B.",1
"Taha, Thiab R.",1
"Tang, Bo",1
"Stanić, Aleksandar",1
"Tang, Jiliang",1
"Tang, Ronghua",1
"Steffi, P. F.",1
"Tian, Xinxin",1
"Tang, Valerie",1
"Tang, Xu",1
"Stone, Peter",1
"Tang, Yilin",1
"Tang, Yuk Ming",1
"Strubberg, Brandon C",1
"Tiranda, Tirsa Gracella",1
"Teixeira, Brígida",1
"Tekinerdogan, Bedir",1
"Su, Yifei",1
"Teng, Junyi",1
"Teploukhov, Semen V.",1
"Sukthong, Napat",1
"Tokatli, Nazlı",1
"Then, Christian",1
"Thominet, Luke",1
"Sun, Hongbo",1
"Tian, Jie",1
"Tikhonov, Andrey",1
"Sun, Linyun",1
"Trentesaux, Damien",1
"Tiwari, Abhinav",1
"Toledo, Nerea",1
"Sun, Wanfei",1
"Tong, Li",1
"Totlani, Ketan",1
"T, Sabari",1
"Tsihrintzi, Evangelia-Aikaterini",1
"Troussas, Christos",1
"Tural, Büşra",1
"Tan, Xiaowei",1
"Tyagi, Shivani",1
"Umamaheswari, G.",1
"Tang, Jiong",1
"Tsui, Yuk Hang",1
"Urra, Enrique",1
"Uwizeyemungu, Sylvestre",1
"Tang, Wuchen",1
"Vaczi, Kincso Boroka",1
"van Beek, Anton",1
"Teo, Tee Hui",1
"Ullah, Kiramat",1
"Vemuri, Lakshmi Chaitanya",1
"Venkatesh, K.",1
"Thakur, Kutub",1
"Vergara, John Paul C.",1
"Vhatkar, Abhijit",1
"Tian, Liang",1
"W\""{u}nsche, Burkhard C",1
"Villanueva-Mansilla, Eduardo",1
"Villaplana, Hannah Danielle Ladera",1
"Tibrewala, Alok",1
"Vorobyova, Alla",1
"Wahed, Manal Abdel",1
"Tiwari, Himanshu",1
"Wang, Lamei",1
"Wan Rosli, Wan Rosalili",1
"Wang, Da",1
"Torres, Ramachandra C.",1
"Wang, Fei-Yue",1
"Wang, Han",1
"Torrielli, Federico",1
"Wang, Lei",1
"Wang, Hucheng",1
"Wang, Jiaxin",1
"Totzek, Dirk",1
"Wang, Jinting",1
"Wang, Junbo",1
"Tsai, Yi-Shan",1
"Wang, Senhua",1
"Wang, Lanyu",1
"Wang, Shi",1
"Tsichrintzi, Evangelia-Aikaterini",1
"Wang, Shuyi",1
"Wang, Siqi",1
"Tucek, Tom",1
"Wang, Shu",1
"Wang, Wei",1
"Wang, Wenyi",1
"Uphaday, Niteesh Kumar",1
"Wang, Xian",1
"Wang, Xiling",1
"Urgel, Keysha",1
"Wang, Shuaikang",1
"Wang, Xuetong",1
"Wang, Yali",1
"Vale, Zita",1
"Wang, Yang",1
"Wang, Yawang",1
"Valina, Luís",1
"Wang, Wenxi",1
"Wang, Yaxian",1
"Wang, Yi-Fan",1
"Van Sy, Ha",1
"Wang, Yining",1
"Wang, Yu",1
"Verma, Kavery",1
"Wang, Yuanyuan",1
"Wang, Yuhui",1
"Wang, Zepei",1
"Vijayarao, S Sandeep Kumar",1
"Wang, Zhaokun",1
"Wang, Zhe",1
"Vyas, Narayan",1
"Wei, Xiong",1
"Wannapiroon, Panita",1
"Warudkar, Sahil",1
"Wakchaure, Rohit",1
"Weeks, William B.",1
"Wehnert, Sabine",1
"Wang, Dezheng",1
"Wen, Bin",1
"Wei, Xiaoqing",1
"Wei, Zhang",1
"Wang, Dingxian",1
"Weisz, Justin D.",1
"Whig, Pawan",1
"Wang, Huan",1
"Wen, Jiacun",1
"Wickramarachchi, Ruwan",1
"William, P.",1
"Wang, Hui",1
"Wong, Billy T. M.",1
"Wong, Kelvin K. L.",1
"Wang, May D.",1
"Wieczorowski, Michal",1
"Wong, Lap",1
"Wright, David",1
"Wang, Shaoqing",1
"Wu, Dongjie",1
"Wu, Kaihua",1
"Wang, Xiaoyi",1
"Wojton, Heather",1
"Wu, Shuchuang",1
"Wu, Tao",1
"Wang, Yinglong",1
"Wu, Ting",1
"Wu, Wanyu",1
"Wang, Yirong",1
"Wu, Jinyong",1
"Wu, Xiaoli",1
"Xiang, Qianchen",1
"Weeden, Elissa",1
"Xiangning, Yan",1
"Xiao, Shaoqiu",1
"Wei, Zhengcong",1
"Wu, Yang",1
"Xie, Chao",1
"Xie, Xuelong",1
"White, Ryen W.",1
"Xiehua, Yu",1
"Xing, Wanli",1
"Whyte, Christopher E.",1
"Xia, Weiyi",1
"Xu, Benjamin",1
"Xu, Chang",1
"Wu, Di",1
"Xu, Liyang",1
"Xu, Mengqi",1
"Wu, Duo-Long",1
"Xie, Tao",1
"Xu, Ping",1
"Xu, Xinying",1
"Wu, Juewei",1
"Xu, Xuhai",1
"Xu, Zhixiang",1
"Wu, Liangshun",1
"Xing, Yu",1
"Xue, Shan",1
"Yadav, Harsh",1
"Wu, Yubing",1
"Yalamati, Sreedhar",1
"Yamagami, Momona",1
"Xia, Xiaoyan",1
"Xu, Chen",1
"Yan, Bingda",1
"Yan, Erkai",1
"Xia, Xin",1
"Yan, Huan",1
"Yan, Shuang",1
"Xiao, Han",1
"Xu, Hui",1
"Yan, Xun",1
"Yang, Alan",1
"Xiao, Hongbo",1
"Yang, Fan",1
"Yang, Hairu",1
"Xie, Yongcheng",1
"Xu, Ruoxuan",1
"Yang, Hao",1
"Yang, Sicheng",1
"Xiong, Wenbo",1
"Yang, T. Andrew",1
"Yang, Tiansheng",1
"Xu, Haonan",1
"Yan, Ling",1
"Yang, Xiaoyi",1
"Yang, Yuer",1
"Xu, Jie",1
"Yao, Li",1
"Yao, Zhihan",1
"Xu, Kai",1
"Yan, Lixiang",1
"Ye, Qifu",1
"Yi, Mengze",1
"Xu, Liang",1
"Yogarayan, Sumendra",1
"Yousuf, Muhammad Zain",1
"Xu, Mengmeng",1
"Yang, Guangpei",1
"Yu, Caiyun",1
"Yu, Lisai",1
"Xu, Qingzhen",1
"Yu, Xiangjun",1
"Yuan, Feng",1
"Xu, Shipian",1
"Yang, Honggang",1
"Yuan, Zhen",1
"Yücel, M.",1
"Xu, Yao",1
"Zade, Sujal",1
"Zaidi, Syed Ali Raza",1
"Yan, Shoujun",1
"Yang, Liuqing",1
"Zairul, Mohd",1
"Zappatore, Marco",1
"Yang, Feng",1
"Zavaleta Bernuy, Angela",1
"Zeiser, Tim",1
"Yang, Jiayao",1
"Yang, Shiwen",1
"Zendejas, Edouardo",1
"Zeng, Wei",1
"Yang, Shih-Yang",1
"zeng, yuyue",1
"Zhai, Yan",1
"Yang, Simin",1
"Yang, Shuyuan",1
"Zhan, Meiwei",1
"Zhang, Bin",1
"Yang, Wei",1
"Zhang, Dan",1
"Zhang, Hang",1
"Yang, Yin",1
"Yang, Yuxi",1
"Zhang, Junna",1
"Zhang, Ling",1
"Yu, Li",1
"Zhang, Lu",1
"Zhang, Min",1
"Zeng, Xia",1
"Yang, Zuguo",1
"Zhang, Qian",1
"Zhang, Shuai",1
"Zhang, Aili",1
"Zhang, Sijia",1
"Zhang, Wei",1
"Zhang, Haoran",1
"Ye, Ying",1
"Zhang, Weishan",1
"Zhang, Wenxiang",1
"Zhang, Hongbo",1
"Zhang, Xiaoqing",1
"Zhang, Xing",1
"Zhang, Hongzhou",1
"Yuan, Pan",1
"Zhang, Ya-Chen",1
"Zhang, Yangyang",1
"Zhang, Jiahao",1
"Zhang, Yidong",1
"Zhang, Yinggang",1
"Zhang, Jing",1
"Yuan, Peiyan",1
"Zhang, Yingzi",1
"Zhang, Yong",1
"Zhang, Jingsen",1
"Zhang, Yu",1
"Zhang, Yuanyuan",1
"Zhang, Junyi",1
"Zarraonandia, Telmo",1
"Zhang, Yushuang",1
"Zhang, Zheng",1
"Zhang, Kang",1
"Zhang, Zhixin",1
"Zhao, Ben",1
"Zhang, Lili",1
"Zhai, Xiaoming",1
"Zhao, Changhua",1
"Zhao, Dong",1
"Zhang, Qishan",1
"Zhao, Fangyu",1
"Zhao, Julianna",1
"Zhang, Shaofan",1
"Zhang, Guoqing",1
"Zhao, Lili",1
"Zhao, Mengyue",1
"Zhang, Shaojun",1
"zhao, Shuo",1
"Zhao, Xiaojie",1
"Zhang, Simo",1
"Zhang, Jiaqi",1
"Zhao, Zhejun",1
"Zhao, Zixin",1
"Zhang, Weiwei",1
"Zhenfeng, Wang",1
"Zheng, Maoran",1
"Zhang, Wen-di",1
"Zhang, Yongzhi",1
"Zhou, Chen",1
"Zhou, Chu",1
"Zhang, Xiaoyu",1
"Zhou, Lijie",1
"Zhou, Shouqin",1
"Zhang, Xin",1
"Zhao, Yunlu",1
"Zhou, Tao",1
"Zhou, Xia",1
"Zhang, Xuyang",1
"Zhou, Xiaoxu",1
"Zhou, Yangyang",1
"Zhang, Yuanchao",1
"Zhou, Yaxin",1
"Zhou, Zhixin",1
"Zhou, Zijun",1
"Zhang, Yue",1
"Zhu, Hang",1
"Zhu, Ruihao",1
"Zhang, Zhouqing",1
"Zhou, Yingping",1
"Zhu, Yawen",1
"Zhu, Yuanda",1
"Zhang, Zikai",1
"Zhuge, Mingchen",1
"Zhukovets, Yuliia",1
"Zhang, Zuhan",1
"Zhou, Zihong",1
"Zhuo, Eugenia R.",1
"Zou, Qiufang",1
"Zhao, Dan",1
"Zwitter, Andrej",1
"Örpek, Zeynep",1
"Zhao, Huilin",1
"Zhu, Yifei",1
"Özmen, M. M.",1
"Čatloch, Dušan",1
"Zhao, Xueting",1
"Achmad, Said",2
"Alameer, Ali",2
"Zheng, Huangnan",1
"Zilora, Stephen",1
"Ansari, Mona",2
"Bonde, Lossan",2
"Zheng, Shihao",1
"Brooks, Chuck",2
"Diirr, Bruna",2
"Zhu, Gareth",1
"Albaroudi, Elham",2
"Ga\v{s}evi\'{c}, Dragan",2
"Giovanola, Benedetta",2
"Zhu, Guanliang",1
"He, Xiangchun",2
"Idzwan bin Ismail, Adzrool",2
"Zichu, Yang",1
"Babo, Lurdes",2
"Ji, Wei",2
"Kaiser, Benjamin",2
"Zota, Nikos-Rigert",1
"Kondratenko, Galyna",2
"Li, Min",2
"Zárate Hernández, Ximena M.",1
"Halgamuge, Malka N.",2
"Li, Ruihang",2
"Li, Tao",2
"Alvim, Adriana C. F.",2
"Lin, Jian",2
"Liu, Charlie",2
"Bryan-Kinns, Nick",2
"He, Yuxiao",2
"Luo, Yufei",2
"Luo, Yuxin",2
"Cao, Yuhua",2
"Mansouri, Taha",2
"Marinakis, Vangelis",2
"Chamola, Vinay",2
"Lin, Yan",2
"Mascarenhas, Daniela",2
"McIntosh, Timothy R.",2
"Chen, Yu-Che",2
"Musiol, Martin",2
"Narne, Harish",2
"Figueiredo, Allan Chamon",2
"Samuelson, Pamela",2
"Nuno Moura, Pedro",2
"Pan, Zhijie",2
"Frontoni, Emanuele",2
"Pansoni, Sofia",2
"Ren, Jia",2
"Heilala, Ville",2
"Santos, Rodrigo Pereira Dos",2
"Santos, Patricia de Oliveira",2
"Shaer, Orit",2
"Holmes, Andrew",2
"Shah, Jay Ashok",2
"Singh, Gulbir",2
"Liu, Tong",2
"Sarmas, Elissaios",2
"Sun, Lingyun",2
"Susnjak, Teo",2
"Przegalinska, Aleksandra",2
"Sutoyo, Rhio",2
"Tiribelli, Simona",2
"Qin, Yi",2
"Thornton, Patrick",2
"Verl, Alexander",2
"Verma, Prateek",2
"Sun, Jian",2
"Wang, Zixi",2
"Watters, Paul",2
"Tan, Yang",2
"Zhang, Yi",2
"Xu, Haixia",2
"Yuan, Xiaojing",2
"Tang, Zezong",2
"Zade, Nikita",2
"Zenke, Carter",2
"Tsai, Chun-Hua",2
"Zhukov, Yuriy",2
"Zhang, Tao",2
"Zhou, Peijie",2
"Yuan, Xiang",2
"Cheng, Yixin",3
"Kondratenko, Yuriy",3
"Zhang, Chen",2
"Hernandez-Rizzardini, Rocael",3
"Leong, Wai Yie",3
"Li, Qiang",3
"Zhang, Heng",2
"Liu, Rongxin",3
"Morales-Chan, Miguel",3
"Amado-Salvatierra, Hector R.",3
"Marr, Bernard",3
"Striuk, Oleksandr",3
"Li, Hong",4
"Malan, David J.",3
"Virvou, Maria",4
"Banafa, Ahmed",8
"Tsihrintzis, George A.",4
"Swiecki, Zachari",3
